Title,Description,Keywords,arabic_name
Verify Arabic name. ?????? ?? ??? ???? ???? ?? ??? ???? ????? ????????? ???????,This job is to decide if an Arabic nickname is likely to be used.??? ??? ?????? ????? ???????? ??????? ??? ?????? ???? ?? ??? ????.,"Arabic, Translation, Transliteration, Linguistic Source, ""Linguistic Source"",  ????? ??? ? ??? ? ??? ,??????? ,??????",????
Verify Arabic name. ?????? ?? ??? ???? ???? ?? ??? ???? ????? ????????? ???????,This job is to decide if an Arabic nickname is likely to be used.??? ??? ?????? ????? ???????? ??????? ??? ?????? ???? ?? ??? ????.,"Arabic, Translation, Transliteration, Linguistic Source, ""Linguistic Source"",  ????? ??? ? ??? ? ??? ,??????? ,??????",?????
Verify Arabic name. ?????? ?? ??? ???? ???? ?? ??? ???? ????? ????????? ???????,This job is to decide if an Arabic nickname is likely to be used.??? ??? ?????? ????? ???????? ??????? ??? ?????? ???? ?? ??? ????.,"Arabic, Translation, Transliteration, Linguistic Source, ""Linguistic Source"",  ????? ??? ? ??? ? ??? ,??????? ,??????",???
Verify Arabic name. ?????? ?? ??? ???? ???? ?? ??? ???? ????? ????????? ???????,This job is to decide if an Arabic nickname is likely to be used.??? ??? ?????? ????? ???????? ??????? ??? ?????? ???? ?? ??? ????.,"Arabic, Translation, Transliteration, Linguistic Source, ""Linguistic Source"",  ????? ??? ? ??? ? ??? ,??????? ,??????",Achqtee
Verify Arabic name. ?????? ?? ??? ???? ???? ?? ??? ???? ????? ????????? ???????,This job is to decide if an Arabic nickname is likely to be used.??? ??? ?????? ????? ???????? ??????? ??? ?????? ???? ?? ??? ????.,"Arabic, Translation, Transliteration, Linguistic Source, ""Linguistic Source"",  ????? ??? ? ??? ? ??? ,??????? ,??????",??? ????
Verify Arabic name. ?????? ?? ??? ???? ???? ?? ??? ???? ????? ????????? ???????,This job is to decide if an Arabic nickname is likely to be used.??? ??? ?????? ????? ???????? ??????? ??? ?????? ???? ?? ??? ????.,"Arabic, Translation, Transliteration, Linguistic Source, ""Linguistic Source"",  ????? ??? ? ??? ? ??? ,??????? ,??????",????? ???? ???????? ??????? ??? ?? ???????? ???
Verify Arabic name. ?????? ?? ??? ???? ???? ?? ??? ???? ????? ????????? ???????,This job is to decide if an Arabic nickname is likely to be used.??? ??? ?????? ????? ???????? ??????? ??? ?????? ???? ?? ??? ????.,"Arabic, Translation, Transliteration, Linguistic Source, ""Linguistic Source"",  ????? ??? ? ??? ? ??? ,??????? ,??????",?? ??
Verify Arabic name. ?????? ?? ??? ???? ???? ?? ??? ???? ????? ????????? ???????,This job is to decide if an Arabic nickname is likely to be used.??? ??? ?????? ????? ???????? ??????? ??? ?????? ???? ?? ??? ????.,"Arabic, Translation, Transliteration, Linguistic Source, ""Linguistic Source"",  ????? ??? ? ??? ? ??? ,??????? ,??????",siddique
Verify Arabic name. ?????? ?? ??? ???? ???? ?? ??? ???? ????? ????????? ???????,This job is to decide if an Arabic nickname is likely to be used.??? ??? ?????? ????? ???????? ??????? ??? ?????? ???? ?? ??? ????.,"Arabic, Translation, Transliteration, Linguistic Source, ""Linguistic Source"",  ????? ??? ? ??? ? ??? ,??????? ,??????",?? ??????
Verify Arabic name. ?????? ?? ??? ???? ???? ?? ??? ???? ????? ????????? ???????,This job is to decide if an Arabic nickname is likely to be used.??? ??? ?????? ????? ???????? ??????? ??? ?????? ???? ?? ??? ????.,"Arabic, Translation, Transliteration, Linguistic Source, ""Linguistic Source"",  ????? ??? ? ??? ? ??? ,??????? ,??????",???? abeer
Verify Arabic name. ?????? ?? ??? ???? ???? ?? ??? ???? ????? ????????? ???????,This job is to decide if an Arabic nickname is likely to be used.??? ??? ?????? ????? ???????? ??????? ??? ?????? ???? ?? ??? ????.,"Arabic, Translation, Transliteration, Linguistic Source, ""Linguistic Source"",  ????? ??? ? ??? ? ??? ,??????? ,??????",Zolnorain
Verify Arabic name. ?????? ?? ??? ???? ???? ?? ??? ???? ????? ????????? ???????,This job is to decide if an Arabic nickname is likely to be used.??? ??? ?????? ????? ???????? ??????? ??? ?????? ???? ?? ??? ????.,"Arabic, Translation, Transliteration, Linguistic Source, ""Linguistic Source"",  ????? ??? ? ??? ? ??? ,??????? ,??????",arif
Verify Arabic name. ?????? ?? ??? ???? ???? ?? ??? ???? ????? ????????? ???????,This job is to decide if an Arabic nickname is likely to be used.??? ??? ?????? ????? ???????? ??????? ??? ?????? ???? ?? ??? ????.,"Arabic, Translation, Transliteration, Linguistic Source, ""Linguistic Source"",  ????? ??? ? ??? ? ??? ,??????? ,??????",?????????
Verify Arabic name. ?????? ?? ??? ???? ???? ?? ??? ???? ????? ????????? ???????,This job is to decide if an Arabic nickname is likely to be used.??? ??? ?????? ????? ???????? ??????? ??? ?????? ???? ?? ??? ????.,"Arabic, Translation, Transliteration, Linguistic Source, ""Linguistic Source"",  ????? ??? ? ??? ? ??? ,??????? ,??????",???????
Verify Arabic name. ?????? ?? ??? ???? ???? ?? ??? ???? ????? ????????? ???????,This job is to decide if an Arabic nickname is likely to be used.??? ??? ?????? ????? ???????? ??????? ??? ?????? ???? ?? ??? ????.,"Arabic, Translation, Transliteration, Linguistic Source, ""Linguistic Source"",  ????? ??? ? ??? ? ??? ,??????? ,??????",ajmal
Verify Arabic name. ?????? ?? ??? ???? ???? ?? ??? ???? ????? ????????? ???????,This job is to decide if an Arabic nickname is likely to be used.??? ??? ?????? ????? ???????? ??????? ??? ?????? ???? ?? ??? ????.,"Arabic, Translation, Transliteration, Linguistic Source, ""Linguistic Source"",  ????? ??? ? ??? ? ??? ,??????? ,??????",Saifullah
Verify Arabic name. ?????? ?? ??? ???? ???? ?? ??? ???? ????? ????????? ???????,This job is to decide if an Arabic nickname is likely to be used.??? ??? ?????? ????? ???????? ??????? ??? ?????? ???? ?? ??? ????.,"Arabic, Translation, Transliteration, Linguistic Source, ""Linguistic Source"",  ????? ??? ? ??? ? ??? ,??????? ,??????",??????
Verify Arabic name. ?????? ?? ??? ???? ???? ?? ??? ???? ????? ????????? ???????,This job is to decide if an Arabic nickname is likely to be used.??? ??? ?????? ????? ???????? ??????? ??? ?????? ???? ?? ??? ????.,"Arabic, Translation, Transliteration, Linguistic Source, ""Linguistic Source"",  ????? ??? ? ??? ? ??? ,??????? ,??????",?? ????
Verify Arabic name. ?????? ?? ??? ???? ???? ?? ??? ???? ????? ????????? ???????,This job is to decide if an Arabic nickname is likely to be used.??? ??? ?????? ????? ???????? ??????? ??? ?????? ???? ?? ??? ????.,"Arabic, Translation, Transliteration, Linguistic Source, ""Linguistic Source"",  ????? ??? ? ??? ? ??? ,??????? ,??????",??? ?????
Verify Arabic name. ?????? ?? ??? ???? ???? ?? ??? ???? ????? ????????? ???????,This job is to decide if an Arabic nickname is likely to be used.??? ??? ?????? ????? ???????? ??????? ??? ?????? ???? ?? ??? ????.,"Arabic, Translation, Transliteration, Linguistic Source, ""Linguistic Source"",  ????? ??? ? ??? ? ??? ,??????? ,??????",????? ?? ????
3,,,
Verify Arabic name. ?????? ?? ??? ???? ???? ?? ??? ???? ????? ????????? ???????,This job is to decide if an Arabic nickname is likely to be used.??? ??? ?????? ????? ???????? ??????? ??? ?????? ???? ?? ??? ????.,"Arabic, Translation, Transliteration, Linguistic Source, ""Linguistic Source"",  ????? ??? ? ??? ? ??? ,??????? ,??????",????? ???
Verify Arabic name. ?????? ?? ??? ???? ???? ?? ??? ???? ????? ????????? ???????,This job is to decide if an Arabic nickname is likely to be used.??? ??? ?????? ????? ???????? ??????? ??? ?????? ???? ?? ??? ????.,"Arabic, Translation, Transliteration, Linguistic Source, ""Linguistic Source"",  ????? ??? ? ??? ? ??? ,??????? ,??????",???? ??????
