Title,Description,Keywords,NUMBER,SENTENCE,Answer.POLARITY,Answer.SENTENCEID
Anotaci\u00f3n de opiniones positivas y negativas,De manera aleatoria se te mostrar\u00e1n oraciones que expresan opiniones sobre modelos de autom\u00f3vil. Deber\u00e1s indicar si corresponden a opiniones positivas  o a opiniones negativas.,"opinion, sentence, sentiment, spanish, polarity, rafael, text, annotation",1,No se dejen engañar .,neutral,1
Anotaci\u00f3n de opiniones positivas y negativas,De manera aleatoria se te mostrar\u00e1n oraciones que expresan opiniones sobre modelos de autom\u00f3vil. Deber\u00e1s indicar si corresponden a opiniones positivas  o a opiniones negativas.,"opinion, sentence, sentiment, spanish, polarity, rafael, text, annotation",1,No se dejen engañar .,neutral,1
Anotaci\u00f3n de opiniones positivas y negativas,De manera aleatoria se te mostrar\u00e1n oraciones que expresan opiniones sobre modelos de autom\u00f3vil. Deber\u00e1s indicar si corresponden a opiniones positivas  o a opiniones negativas.,"opinion, sentence, sentiment, spanish, polarity, rafael, text, annotation",1,No se dejen engañar .,negative,1
Anotaci\u00f3n de opiniones positivas y negativas,De manera aleatoria se te mostrar\u00e1n oraciones que expresan opiniones sobre modelos de autom\u00f3vil. Deber\u00e1s indicar si corresponden a opiniones positivas  o a opiniones negativas.,"opinion, sentence, sentiment, spanish, polarity, rafael, text, annotation",2,"Por el contrario , hay tres cosas que me matan de este coche y que no entiendo como Audi no lo ha perfeccionado .",negative,2
Anotaci\u00f3n de opiniones positivas y negativas,De manera aleatoria se te mostrar\u00e1n oraciones que expresan opiniones sobre modelos de autom\u00f3vil. Deber\u00e1s indicar si corresponden a opiniones positivas  o a opiniones negativas.,"opinion, sentence, sentiment, spanish, polarity, rafael, text, annotation",2,"Por el contrario , hay tres cosas que me matan de este coche y que no entiendo como Audi no lo ha perfeccionado .",negative,2
Anotaci\u00f3n de opiniones positivas y negativas,De manera aleatoria se te mostrar\u00e1n oraciones que expresan opiniones sobre modelos de autom\u00f3vil. Deber\u00e1s indicar si corresponden a opiniones positivas  o a opiniones negativas.,"opinion, sentence, sentiment, spanish, polarity, rafael, text, annotation",2,"Por el contrario , hay tres cosas que me matan de este coche y que no entiendo como Audi no lo ha perfeccionado .",neutral,2
Anotaci\u00f3n de opiniones positivas y negativas,De manera aleatoria se te mostrar\u00e1n oraciones que expresan opiniones sobre modelos de autom\u00f3vil. Deber\u00e1s indicar si corresponden a opiniones positivas  o a opiniones negativas.,"opinion, sentence, sentiment, spanish, polarity, rafael, text, annotation",3,"Este es un coche muy bonito , sobre todo si te gustan los descapotables .",positive,3
Anotaci\u00f3n de opiniones positivas y negativas,De manera aleatoria se te mostrar\u00e1n oraciones que expresan opiniones sobre modelos de autom\u00f3vil. Deber\u00e1s indicar si corresponden a opiniones positivas  o a opiniones negativas.,"opinion, sentence, sentiment, spanish, polarity, rafael, text, annotation",3,"Este es un coche muy bonito , sobre todo si te gustan los descapotables .",positive,3
Anotaci\u00f3n de opiniones positivas y negativas,De manera aleatoria se te mostrar\u00e1n oraciones que expresan opiniones sobre modelos de autom\u00f3vil. Deber\u00e1s indicar si corresponden a opiniones positivas  o a opiniones negativas.,"opinion, sentence, sentiment, spanish, polarity, rafael, text, annotation",3,"Este es un coche muy bonito , sobre todo si te gustan los descapotables .",positive,3
Anotaci\u00f3n de opiniones positivas y negativas,De manera aleatoria se te mostrar\u00e1n oraciones que expresan opiniones sobre modelos de autom\u00f3vil. Deber\u00e1s indicar si corresponden a opiniones positivas  o a opiniones negativas.,"opinion, sentence, sentiment, spanish, polarity, rafael, text, annotation",4,Siempre tuve que estar yo detrás de ellos .,neutral,4
Anotaci\u00f3n de opiniones positivas y negativas,De manera aleatoria se te mostrar\u00e1n oraciones que expresan opiniones sobre modelos de autom\u00f3vil. Deber\u00e1s indicar si corresponden a opiniones positivas  o a opiniones negativas.,"opinion, sentence, sentiment, spanish, polarity, rafael, text, annotation",4,Siempre tuve que estar yo detrás de ellos .,neutral,4
Anotaci\u00f3n de opiniones positivas y negativas,De manera aleatoria se te mostrar\u00e1n oraciones que expresan opiniones sobre modelos de autom\u00f3vil. Deber\u00e1s indicar si corresponden a opiniones positivas  o a opiniones negativas.,"opinion, sentence, sentiment, spanish, polarity, rafael, text, annotation",4,Siempre tuve que estar yo detrás de ellos .,negative,4
Anotaci\u00f3n de opiniones positivas y negativas,De manera aleatoria se te mostrar\u00e1n oraciones que expresan opiniones sobre modelos de autom\u00f3vil. Deber\u00e1s indicar si corresponden a opiniones positivas  o a opiniones negativas.,"opinion, sentence, sentiment, spanish, polarity, rafael, text, annotation",5,"correr y controlar es mi lema con seguridad y fuerza , pero siempre controlando el volante y iendo con cuidao pa n hacer daño a nadie !!!!",neutral,5
Anotaci\u00f3n de opiniones positivas y negativas,De manera aleatoria se te mostrar\u00e1n oraciones que expresan opiniones sobre modelos de autom\u00f3vil. Deber\u00e1s indicar si corresponden a opiniones positivas  o a opiniones negativas.,"opinion, sentence, sentiment, spanish, polarity, rafael, text, annotation",5,"correr y controlar es mi lema con seguridad y fuerza , pero siempre controlando el volante y iendo con cuidao pa n hacer daño a nadie !!!!",neutral,5
Anotaci\u00f3n de opiniones positivas y negativas,De manera aleatoria se te mostrar\u00e1n oraciones que expresan opiniones sobre modelos de autom\u00f3vil. Deber\u00e1s indicar si corresponden a opiniones positivas  o a opiniones negativas.,"opinion, sentence, sentiment, spanish, polarity, rafael, text, annotation",5,"correr y controlar es mi lema con seguridad y fuerza , pero siempre controlando el volante y iendo con cuidao pa n hacer daño a nadie !!!!",neutral,5
Anotaci\u00f3n de opiniones positivas y negativas,De manera aleatoria se te mostrar\u00e1n oraciones que expresan opiniones sobre modelos de autom\u00f3vil. Deber\u00e1s indicar si corresponden a opiniones positivas  o a opiniones negativas.,"opinion, sentence, sentiment, spanish, polarity, rafael, text, annotation",6,EN CIUDAD ES PERFECTO PARA APARCAR Y EL MANEJO ES BUENO .,positive,6
Anotaci\u00f3n de opiniones positivas y negativas,De manera aleatoria se te mostrar\u00e1n oraciones que expresan opiniones sobre modelos de autom\u00f3vil. Deber\u00e1s indicar si corresponden a opiniones positivas  o a opiniones negativas.,"opinion, sentence, sentiment, spanish, polarity, rafael, text, annotation",6,EN CIUDAD ES PERFECTO PARA APARCAR Y EL MANEJO ES BUENO .,positive,6
Anotaci\u00f3n de opiniones positivas y negativas,De manera aleatoria se te mostrar\u00e1n oraciones que expresan opiniones sobre modelos de autom\u00f3vil. Deber\u00e1s indicar si corresponden a opiniones positivas  o a opiniones negativas.,"opinion, sentence, sentiment, spanish, polarity, rafael, text, annotation",6,EN CIUDAD ES PERFECTO PARA APARCAR Y EL MANEJO ES BUENO .,positive,6
Anotaci\u00f3n de opiniones positivas y negativas,De manera aleatoria se te mostrar\u00e1n oraciones que expresan opiniones sobre modelos de autom\u00f3vil. Deber\u00e1s indicar si corresponden a opiniones positivas  o a opiniones negativas.,"opinion, sentence, sentiment, spanish, polarity, rafael, text, annotation",7,"Pero en la compra de este no nos hemos arrepentido , ya que hasta ahora esta respondiendo como esperabamos o mejor .",positive,7
Anotaci\u00f3n de opiniones positivas y negativas,De manera aleatoria se te mostrar\u00e1n oraciones que expresan opiniones sobre modelos de autom\u00f3vil. Deber\u00e1s indicar si corresponden a opiniones positivas  o a opiniones negativas.,"opinion, sentence, sentiment, spanish, polarity, rafael, text, annotation",7,"Pero en la compra de este no nos hemos arrepentido , ya que hasta ahora esta respondiendo como esperabamos o mejor .",positive,7
Anotaci\u00f3n de opiniones positivas y negativas,De manera aleatoria se te mostrar\u00e1n oraciones que expresan opiniones sobre modelos de autom\u00f3vil. Deber\u00e1s indicar si corresponden a opiniones positivas  o a opiniones negativas.,"opinion, sentence, sentiment, spanish, polarity, rafael, text, annotation",7,"Pero en la compra de este no nos hemos arrepentido , ya que hasta ahora esta respondiendo como esperabamos o mejor .",positive,7
Anotaci\u00f3n de opiniones positivas y negativas,De manera aleatoria se te mostrar\u00e1n oraciones que expresan opiniones sobre modelos de autom\u00f3vil. Deber\u00e1s indicar si corresponden a opiniones positivas  o a opiniones negativas.,"opinion, sentence, sentiment, spanish, polarity, rafael, text, annotation",8,"EN LO REFERENTE AL CONSUMO , TAMPOCO CONSUME TANTO PARA EL MOTOR QUE TIENE , AL SER MOTOR ZETEC AHORRA BASTANTE COMBUSTIBLE .",positive,8
Anotaci\u00f3n de opiniones positivas y negativas,De manera aleatoria se te mostrar\u00e1n oraciones que expresan opiniones sobre modelos de autom\u00f3vil. Deber\u00e1s indicar si corresponden a opiniones positivas  o a opiniones negativas.,"opinion, sentence, sentiment, spanish, polarity, rafael, text, annotation",8,"EN LO REFERENTE AL CONSUMO , TAMPOCO CONSUME TANTO PARA EL MOTOR QUE TIENE , AL SER MOTOR ZETEC AHORRA BASTANTE COMBUSTIBLE .",positive,8
Anotaci\u00f3n de opiniones positivas y negativas,De manera aleatoria se te mostrar\u00e1n oraciones que expresan opiniones sobre modelos de autom\u00f3vil. Deber\u00e1s indicar si corresponden a opiniones positivas  o a opiniones negativas.,"opinion, sentence, sentiment, spanish, polarity, rafael, text, annotation",8,"EN LO REFERENTE AL CONSUMO , TAMPOCO CONSUME TANTO PARA EL MOTOR QUE TIENE , AL SER MOTOR ZETEC AHORRA BASTANTE COMBUSTIBLE .",positive,8
Anotaci\u00f3n de opiniones positivas y negativas,De manera aleatoria se te mostrar\u00e1n oraciones que expresan opiniones sobre modelos de autom\u00f3vil. Deber\u00e1s indicar si corresponden a opiniones positivas  o a opiniones negativas.,"opinion, sentence, sentiment, spanish, polarity, rafael, text, annotation",9,Tuvo que ponerme muy enfurecido para que me diesen un coche de sustitución ese periodo .,neutral,9
Anotaci\u00f3n de opiniones positivas y negativas,De manera aleatoria se te mostrar\u00e1n oraciones que expresan opiniones sobre modelos de autom\u00f3vil. Deber\u00e1s indicar si corresponden a opiniones positivas  o a opiniones negativas.,"opinion, sentence, sentiment, spanish, polarity, rafael, text, annotation",9,Tuvo que ponerme muy enfurecido para que me diesen un coche de sustitución ese periodo .,negative,9
Anotaci\u00f3n de opiniones positivas y negativas,De manera aleatoria se te mostrar\u00e1n oraciones que expresan opiniones sobre modelos de autom\u00f3vil. Deber\u00e1s indicar si corresponden a opiniones positivas  o a opiniones negativas.,"opinion, sentence, sentiment, spanish, polarity, rafael, text, annotation",9,Tuvo que ponerme muy enfurecido para que me diesen un coche de sustitución ese periodo .,negative,9
Anotaci\u00f3n de opiniones positivas y negativas,De manera aleatoria se te mostrar\u00e1n oraciones que expresan opiniones sobre modelos de autom\u00f3vil. Deber\u00e1s indicar si corresponden a opiniones positivas  o a opiniones negativas.,"opinion, sentence, sentiment, spanish, polarity, rafael, text, annotation",10,Que mas le puedes pedir ?,neutral,10
Anotaci\u00f3n de opiniones positivas y negativas,De manera aleatoria se te mostrar\u00e1n oraciones que expresan opiniones sobre modelos de autom\u00f3vil. Deber\u00e1s indicar si corresponden a opiniones positivas  o a opiniones negativas.,"opinion, sentence, sentiment, spanish, polarity, rafael, text, annotation",10,Que mas le puedes pedir ?,positive,10
Anotaci\u00f3n de opiniones positivas y negativas,De manera aleatoria se te mostrar\u00e1n oraciones que expresan opiniones sobre modelos de autom\u00f3vil. Deber\u00e1s indicar si corresponden a opiniones positivas  o a opiniones negativas.,"opinion, sentence, sentiment, spanish, polarity, rafael, text, annotation",10,Que mas le puedes pedir ?,positive,10
Anotaci\u00f3n de opiniones positivas y negativas,De manera aleatoria se te mostrar\u00e1n oraciones que expresan opiniones sobre modelos de autom\u00f3vil. Deber\u00e1s indicar si corresponden a opiniones positivas  o a opiniones negativas.,"opinion, sentence, sentiment, spanish, polarity, rafael, text, annotation",11,En el conce .,neutral,11
Anotaci\u00f3n de opiniones positivas y negativas,De manera aleatoria se te mostrar\u00e1n oraciones que expresan opiniones sobre modelos de autom\u00f3vil. Deber\u00e1s indicar si corresponden a opiniones positivas  o a opiniones negativas.,"opinion, sentence, sentiment, spanish, polarity, rafael, text, annotation",11,En el conce .,neutral,11
Anotaci\u00f3n de opiniones positivas y negativas,De manera aleatoria se te mostrar\u00e1n oraciones que expresan opiniones sobre modelos de autom\u00f3vil. Deber\u00e1s indicar si corresponden a opiniones positivas  o a opiniones negativas.,"opinion, sentence, sentiment, spanish, polarity, rafael, text, annotation",11,En el conce .,neutral,11
Anotaci\u00f3n de opiniones positivas y negativas,De manera aleatoria se te mostrar\u00e1n oraciones que expresan opiniones sobre modelos de autom\u00f3vil. Deber\u00e1s indicar si corresponden a opiniones positivas  o a opiniones negativas.,"opinion, sentence, sentiment, spanish, polarity, rafael, text, annotation",12,"Por mi propia experiencia , como comprendereis , el próximo coche queme compre no será un Opel ... Saludos .",neutral,12
Anotaci\u00f3n de opiniones positivas y negativas,De manera aleatoria se te mostrar\u00e1n oraciones que expresan opiniones sobre modelos de autom\u00f3vil. Deber\u00e1s indicar si corresponden a opiniones positivas  o a opiniones negativas.,"opinion, sentence, sentiment, spanish, polarity, rafael, text, annotation",12,"Por mi propia experiencia , como comprendereis , el próximo coche queme compre no será un Opel ... Saludos .",negative,12
Anotaci\u00f3n de opiniones positivas y negativas,De manera aleatoria se te mostrar\u00e1n oraciones que expresan opiniones sobre modelos de autom\u00f3vil. Deber\u00e1s indicar si corresponden a opiniones positivas  o a opiniones negativas.,"opinion, sentence, sentiment, spanish, polarity, rafael, text, annotation",12,"Por mi propia experiencia , como comprendereis , el próximo coche queme compre no será un Opel ... Saludos .",neutral,12
Anotaci\u00f3n de opiniones positivas y negativas,De manera aleatoria se te mostrar\u00e1n oraciones que expresan opiniones sobre modelos de autom\u00f3vil. Deber\u00e1s indicar si corresponden a opiniones positivas  o a opiniones negativas.,"opinion, sentence, sentiment, spanish, polarity, rafael, text, annotation",13,Hemos elegido esta bonita berlina que por los SUS exigencias es más que sufficente .,neutral,13
Anotaci\u00f3n de opiniones positivas y negativas,De manera aleatoria se te mostrar\u00e1n oraciones que expresan opiniones sobre modelos de autom\u00f3vil. Deber\u00e1s indicar si corresponden a opiniones positivas  o a opiniones negativas.,"opinion, sentence, sentiment, spanish, polarity, rafael, text, annotation",13,Hemos elegido esta bonita berlina que por los SUS exigencias es más que sufficente .,positive,13
Anotaci\u00f3n de opiniones positivas y negativas,De manera aleatoria se te mostrar\u00e1n oraciones que expresan opiniones sobre modelos de autom\u00f3vil. Deber\u00e1s indicar si corresponden a opiniones positivas  o a opiniones negativas.,"opinion, sentence, sentiment, spanish, polarity, rafael, text, annotation",13,Hemos elegido esta bonita berlina que por los SUS exigencias es más que sufficente .,positive,13
Anotaci\u00f3n de opiniones positivas y negativas,De manera aleatoria se te mostrar\u00e1n oraciones que expresan opiniones sobre modelos de autom\u00f3vil. Deber\u00e1s indicar si corresponden a opiniones positivas  o a opiniones negativas.,"opinion, sentence, sentiment, spanish, polarity, rafael, text, annotation",14,"Cuando lo sacamos del concesionario la verdad es que alucinabamos , antes de este teniamos un 306 , fijate la diferencia .",positive,14
Anotaci\u00f3n de opiniones positivas y negativas,De manera aleatoria se te mostrar\u00e1n oraciones que expresan opiniones sobre modelos de autom\u00f3vil. Deber\u00e1s indicar si corresponden a opiniones positivas  o a opiniones negativas.,"opinion, sentence, sentiment, spanish, polarity, rafael, text, annotation",14,"Cuando lo sacamos del concesionario la verdad es que alucinabamos , antes de este teniamos un 306 , fijate la diferencia .",negative,14
Anotaci\u00f3n de opiniones positivas y negativas,De manera aleatoria se te mostrar\u00e1n oraciones que expresan opiniones sobre modelos de autom\u00f3vil. Deber\u00e1s indicar si corresponden a opiniones positivas  o a opiniones negativas.,"opinion, sentence, sentiment, spanish, polarity, rafael, text, annotation",14,"Cuando lo sacamos del concesionario la verdad es que alucinabamos , antes de este teniamos un 306 , fijate la diferencia .",positive,14
Anotaci\u00f3n de opiniones positivas y negativas,De manera aleatoria se te mostrar\u00e1n oraciones que expresan opiniones sobre modelos de autom\u00f3vil. Deber\u00e1s indicar si corresponden a opiniones positivas  o a opiniones negativas.,"opinion, sentence, sentiment, spanish, polarity, rafael, text, annotation",15,El espacio y terminación es lo mejor .,positive,15
Anotaci\u00f3n de opiniones positivas y negativas,De manera aleatoria se te mostrar\u00e1n oraciones que expresan opiniones sobre modelos de autom\u00f3vil. Deber\u00e1s indicar si corresponden a opiniones positivas  o a opiniones negativas.,"opinion, sentence, sentiment, spanish, polarity, rafael, text, annotation",15,El espacio y terminación es lo mejor .,neutral,15
Anotaci\u00f3n de opiniones positivas y negativas,De manera aleatoria se te mostrar\u00e1n oraciones que expresan opiniones sobre modelos de autom\u00f3vil. Deber\u00e1s indicar si corresponden a opiniones positivas  o a opiniones negativas.,"opinion, sentence, sentiment, spanish, polarity, rafael, text, annotation",15,El espacio y terminación es lo mejor .,positive,15
Anotaci\u00f3n de opiniones positivas y negativas,De manera aleatoria se te mostrar\u00e1n oraciones que expresan opiniones sobre modelos de autom\u00f3vil. Deber\u00e1s indicar si corresponden a opiniones positivas  o a opiniones negativas.,"opinion, sentence, sentiment, spanish, polarity, rafael, text, annotation",16,Hay que tener el cuenta que se trata de un coche de montaña y por lo tanto su mejor comportamiento lo demuestra por caminos accidentados .,neutral,16
Anotaci\u00f3n de opiniones positivas y negativas,De manera aleatoria se te mostrar\u00e1n oraciones que expresan opiniones sobre modelos de autom\u00f3vil. Deber\u00e1s indicar si corresponden a opiniones positivas  o a opiniones negativas.,"opinion, sentence, sentiment, spanish, polarity, rafael, text, annotation",16,Hay que tener el cuenta que se trata de un coche de montaña y por lo tanto su mejor comportamiento lo demuestra por caminos accidentados .,neutral,16
Anotaci\u00f3n de opiniones positivas y negativas,De manera aleatoria se te mostrar\u00e1n oraciones que expresan opiniones sobre modelos de autom\u00f3vil. Deber\u00e1s indicar si corresponden a opiniones positivas  o a opiniones negativas.,"opinion, sentence, sentiment, spanish, polarity, rafael, text, annotation",16,Hay que tener el cuenta que se trata de un coche de montaña y por lo tanto su mejor comportamiento lo demuestra por caminos accidentados .,negative,16
Anotaci\u00f3n de opiniones positivas y negativas,De manera aleatoria se te mostrar\u00e1n oraciones que expresan opiniones sobre modelos de autom\u00f3vil. Deber\u00e1s indicar si corresponden a opiniones positivas  o a opiniones negativas.,"opinion, sentence, sentiment, spanish, polarity, rafael, text, annotation",17,"Tenía las pegas de que era un coche viejo , malos espacios y eso , pero de motor iba muy bien .",neutral,17
Anotaci\u00f3n de opiniones positivas y negativas,De manera aleatoria se te mostrar\u00e1n oraciones que expresan opiniones sobre modelos de autom\u00f3vil. Deber\u00e1s indicar si corresponden a opiniones positivas  o a opiniones negativas.,"opinion, sentence, sentiment, spanish, polarity, rafael, text, annotation",17,"Tenía las pegas de que era un coche viejo , malos espacios y eso , pero de motor iba muy bien .",neutral,17
Anotaci\u00f3n de opiniones positivas y negativas,De manera aleatoria se te mostrar\u00e1n oraciones que expresan opiniones sobre modelos de autom\u00f3vil. Deber\u00e1s indicar si corresponden a opiniones positivas  o a opiniones negativas.,"opinion, sentence, sentiment, spanish, polarity, rafael, text, annotation",17,"Tenía las pegas de que era un coche viejo , malos espacios y eso , pero de motor iba muy bien .",positive,17
Anotaci\u00f3n de opiniones positivas y negativas,De manera aleatoria se te mostrar\u00e1n oraciones que expresan opiniones sobre modelos de autom\u00f3vil. Deber\u00e1s indicar si corresponden a opiniones positivas  o a opiniones negativas.,"opinion, sentence, sentiment, spanish, polarity, rafael, text, annotation",18,"Y respecto a los airbags solo tiene 2 delanteros , para mi gusto y seguridad creo que tendría que tener en todos los asientos .",neutral,18
Anotaci\u00f3n de opiniones positivas y negativas,De manera aleatoria se te mostrar\u00e1n oraciones que expresan opiniones sobre modelos de autom\u00f3vil. Deber\u00e1s indicar si corresponden a opiniones positivas  o a opiniones negativas.,"opinion, sentence, sentiment, spanish, polarity, rafael, text, annotation",18,"Y respecto a los airbags solo tiene 2 delanteros , para mi gusto y seguridad creo que tendría que tener en todos los asientos .",negative,18
Anotaci\u00f3n de opiniones positivas y negativas,De manera aleatoria se te mostrar\u00e1n oraciones que expresan opiniones sobre modelos de autom\u00f3vil. Deber\u00e1s indicar si corresponden a opiniones positivas  o a opiniones negativas.,"opinion, sentence, sentiment, spanish, polarity, rafael, text, annotation",18,"Y respecto a los airbags solo tiene 2 delanteros , para mi gusto y seguridad creo que tendría que tener en todos los asientos .",negative,18
Anotaci\u00f3n de opiniones positivas y negativas,De manera aleatoria se te mostrar\u00e1n oraciones que expresan opiniones sobre modelos de autom\u00f3vil. Deber\u00e1s indicar si corresponden a opiniones positivas  o a opiniones negativas.,"opinion, sentence, sentiment, spanish, polarity, rafael, text, annotation",19,Me dejó 4 veces tirado en los dos primeros años ( siempre problemas eléctricos ).,negative,19
Anotaci\u00f3n de opiniones positivas y negativas,De manera aleatoria se te mostrar\u00e1n oraciones que expresan opiniones sobre modelos de autom\u00f3vil. Deber\u00e1s indicar si corresponden a opiniones positivas  o a opiniones negativas.,"opinion, sentence, sentiment, spanish, polarity, rafael, text, annotation",19,Me dejó 4 veces tirado en los dos primeros años ( siempre problemas eléctricos ).,negative,19
Anotaci\u00f3n de opiniones positivas y negativas,De manera aleatoria se te mostrar\u00e1n oraciones que expresan opiniones sobre modelos de autom\u00f3vil. Deber\u00e1s indicar si corresponden a opiniones positivas  o a opiniones negativas.,"opinion, sentence, sentiment, spanish, polarity, rafael, text, annotation",19,Me dejó 4 veces tirado en los dos primeros años ( siempre problemas eléctricos ).,negative,19
Anotaci\u00f3n de opiniones positivas y negativas,De manera aleatoria se te mostrar\u00e1n oraciones que expresan opiniones sobre modelos de autom\u00f3vil. Deber\u00e1s indicar si corresponden a opiniones positivas  o a opiniones negativas.,"opinion, sentence, sentiment, spanish, polarity, rafael, text, annotation",20,Creo que eso ya lo dice todo .. Quién no ha oído hablar mal de un alfa alguna vez ??,negative,20
Anotaci\u00f3n de opiniones positivas y negativas,De manera aleatoria se te mostrar\u00e1n oraciones que expresan opiniones sobre modelos de autom\u00f3vil. Deber\u00e1s indicar si corresponden a opiniones positivas  o a opiniones negativas.,"opinion, sentence, sentiment, spanish, polarity, rafael, text, annotation",20,Creo que eso ya lo dice todo .. Quién no ha oído hablar mal de un alfa alguna vez ??,neutral,20
Anotaci\u00f3n de opiniones positivas y negativas,De manera aleatoria se te mostrar\u00e1n oraciones que expresan opiniones sobre modelos de autom\u00f3vil. Deber\u00e1s indicar si corresponden a opiniones positivas  o a opiniones negativas.,"opinion, sentence, sentiment, spanish, polarity, rafael, text, annotation",20,Creo que eso ya lo dice todo .. Quién no ha oído hablar mal de un alfa alguna vez ??,negative,20
Anotaci\u00f3n de opiniones positivas y negativas,De manera aleatoria se te mostrar\u00e1n oraciones que expresan opiniones sobre modelos de autom\u00f3vil. Deber\u00e1s indicar si corresponden a opiniones positivas  o a opiniones negativas.,"opinion, sentence, sentiment, spanish, polarity, rafael, text, annotation",21,Si quieres más información : reydonpedro @ arrakis . es,neutral,21
Anotaci\u00f3n de opiniones positivas y negativas,De manera aleatoria se te mostrar\u00e1n oraciones que expresan opiniones sobre modelos de autom\u00f3vil. Deber\u00e1s indicar si corresponden a opiniones positivas  o a opiniones negativas.,"opinion, sentence, sentiment, spanish, polarity, rafael, text, annotation",21,Si quieres más información : reydonpedro @ arrakis . es,neutral,21
Anotaci\u00f3n de opiniones positivas y negativas,De manera aleatoria se te mostrar\u00e1n oraciones que expresan opiniones sobre modelos de autom\u00f3vil. Deber\u00e1s indicar si corresponden a opiniones positivas  o a opiniones negativas.,"opinion, sentence, sentiment, spanish, polarity, rafael, text, annotation",21,Si quieres más información : reydonpedro @ arrakis . es,neutral,21
Anotaci\u00f3n de opiniones positivas y negativas,De manera aleatoria se te mostrar\u00e1n oraciones que expresan opiniones sobre modelos de autom\u00f3vil. Deber\u00e1s indicar si corresponden a opiniones positivas  o a opiniones negativas.,"opinion, sentence, sentiment, spanish, polarity, rafael, text, annotation",22,En realidad el coche no tiene dnada que destaque sobre sus rivales e incluso yo diria que al contrario .,negative,22
Anotaci\u00f3n de opiniones positivas y negativas,De manera aleatoria se te mostrar\u00e1n oraciones que expresan opiniones sobre modelos de autom\u00f3vil. Deber\u00e1s indicar si corresponden a opiniones positivas  o a opiniones negativas.,"opinion, sentence, sentiment, spanish, polarity, rafael, text, annotation",22,En realidad el coche no tiene dnada que destaque sobre sus rivales e incluso yo diria que al contrario .,negative,22
Anotaci\u00f3n de opiniones positivas y negativas,De manera aleatoria se te mostrar\u00e1n oraciones que expresan opiniones sobre modelos de autom\u00f3vil. Deber\u00e1s indicar si corresponden a opiniones positivas  o a opiniones negativas.,"opinion, sentence, sentiment, spanish, polarity, rafael, text, annotation",22,En realidad el coche no tiene dnada que destaque sobre sus rivales e incluso yo diria que al contrario .,negative,22
Anotaci\u00f3n de opiniones positivas y negativas,De manera aleatoria se te mostrar\u00e1n oraciones que expresan opiniones sobre modelos de autom\u00f3vil. Deber\u00e1s indicar si corresponden a opiniones positivas  o a opiniones negativas.,"opinion, sentence, sentiment, spanish, polarity, rafael, text, annotation",23,"Pero no por lo bonito de su figura , sino porque ¿ Quién tuvo el gusto de diseñar esta caca ?",negative,23
Anotaci\u00f3n de opiniones positivas y negativas,De manera aleatoria se te mostrar\u00e1n oraciones que expresan opiniones sobre modelos de autom\u00f3vil. Deber\u00e1s indicar si corresponden a opiniones positivas  o a opiniones negativas.,"opinion, sentence, sentiment, spanish, polarity, rafael, text, annotation",23,"Pero no por lo bonito de su figura , sino porque ¿ Quién tuvo el gusto de diseñar esta caca ?",negative,23
Anotaci\u00f3n de opiniones positivas y negativas,De manera aleatoria se te mostrar\u00e1n oraciones que expresan opiniones sobre modelos de autom\u00f3vil. Deber\u00e1s indicar si corresponden a opiniones positivas  o a opiniones negativas.,"opinion, sentence, sentiment, spanish, polarity, rafael, text, annotation",23,"Pero no por lo bonito de su figura , sino porque ¿ Quién tuvo el gusto de diseñar esta caca ?",neutral,23
Anotaci\u00f3n de opiniones positivas y negativas,De manera aleatoria se te mostrar\u00e1n oraciones que expresan opiniones sobre modelos de autom\u00f3vil. Deber\u00e1s indicar si corresponden a opiniones positivas  o a opiniones negativas.,"opinion, sentence, sentiment, spanish, polarity, rafael, text, annotation",24,"resultado : jeep y chrysler , modelos diesel : cero patatero !",neutral,24
Anotaci\u00f3n de opiniones positivas y negativas,De manera aleatoria se te mostrar\u00e1n oraciones que expresan opiniones sobre modelos de autom\u00f3vil. Deber\u00e1s indicar si corresponden a opiniones positivas  o a opiniones negativas.,"opinion, sentence, sentiment, spanish, polarity, rafael, text, annotation",24,"resultado : jeep y chrysler , modelos diesel : cero patatero !",neutral,24
Anotaci\u00f3n de opiniones positivas y negativas,De manera aleatoria se te mostrar\u00e1n oraciones que expresan opiniones sobre modelos de autom\u00f3vil. Deber\u00e1s indicar si corresponden a opiniones positivas  o a opiniones negativas.,"opinion, sentence, sentiment, spanish, polarity, rafael, text, annotation",24,"resultado : jeep y chrysler , modelos diesel : cero patatero !",negative,24
Anotaci\u00f3n de opiniones positivas y negativas,De manera aleatoria se te mostrar\u00e1n oraciones que expresan opiniones sobre modelos de autom\u00f3vil. Deber\u00e1s indicar si corresponden a opiniones positivas  o a opiniones negativas.,"opinion, sentence, sentiment, spanish, polarity, rafael, text, annotation",201,Nos costó 19050 euros puesto en la calle ( sin afán de promocionar pero sí de ayudar a quién quiera comprarlo ).,positive,201
Anotaci\u00f3n de opiniones positivas y negativas,De manera aleatoria se te mostrar\u00e1n oraciones que expresan opiniones sobre modelos de autom\u00f3vil. Deber\u00e1s indicar si corresponden a opiniones positivas  o a opiniones negativas.,"opinion, sentence, sentiment, spanish, polarity, rafael, text, annotation",201,Nos costó 19050 euros puesto en la calle ( sin afán de promocionar pero sí de ayudar a quién quiera comprarlo ).,neutral,201
Anotaci\u00f3n de opiniones positivas y negativas,De manera aleatoria se te mostrar\u00e1n oraciones que expresan opiniones sobre modelos de autom\u00f3vil. Deber\u00e1s indicar si corresponden a opiniones positivas  o a opiniones negativas.,"opinion, sentence, sentiment, spanish, polarity, rafael, text, annotation",201,Nos costó 19050 euros puesto en la calle ( sin afán de promocionar pero sí de ayudar a quién quiera comprarlo ).,neutral,201
Anotaci\u00f3n de opiniones positivas y negativas,De manera aleatoria se te mostrar\u00e1n oraciones que expresan opiniones sobre modelos de autom\u00f3vil. Deber\u00e1s indicar si corresponden a opiniones positivas  o a opiniones negativas.,"opinion, sentence, sentiment, spanish, polarity, rafael, text, annotation",25,Descubrirá pequeños detalles que no encontrará en todos los vehículos de su clase y que están pensados para proporcionarle el máximo confort .,positive,25
Anotaci\u00f3n de opiniones positivas y negativas,De manera aleatoria se te mostrar\u00e1n oraciones que expresan opiniones sobre modelos de autom\u00f3vil. Deber\u00e1s indicar si corresponden a opiniones positivas  o a opiniones negativas.,"opinion, sentence, sentiment, spanish, polarity, rafael, text, annotation",25,Descubrirá pequeños detalles que no encontrará en todos los vehículos de su clase y que están pensados para proporcionarle el máximo confort .,positive,25
Anotaci\u00f3n de opiniones positivas y negativas,De manera aleatoria se te mostrar\u00e1n oraciones que expresan opiniones sobre modelos de autom\u00f3vil. Deber\u00e1s indicar si corresponden a opiniones positivas  o a opiniones negativas.,"opinion, sentence, sentiment, spanish, polarity, rafael, text, annotation",25,Descubrirá pequeños detalles que no encontrará en todos los vehículos de su clase y que están pensados para proporcionarle el máximo confort .,positive,25
Anotaci\u00f3n de opiniones positivas y negativas,De manera aleatoria se te mostrar\u00e1n oraciones que expresan opiniones sobre modelos de autom\u00f3vil. Deber\u00e1s indicar si corresponden a opiniones positivas  o a opiniones negativas.,"opinion, sentence, sentiment, spanish, polarity, rafael, text, annotation",202,El precio es aproximadamente 7 . 500 . 000 pesetas y sólo se venderá en España .,neutral,202
Anotaci\u00f3n de opiniones positivas y negativas,De manera aleatoria se te mostrar\u00e1n oraciones que expresan opiniones sobre modelos de autom\u00f3vil. Deber\u00e1s indicar si corresponden a opiniones positivas  o a opiniones negativas.,"opinion, sentence, sentiment, spanish, polarity, rafael, text, annotation",202,El precio es aproximadamente 7 . 500 . 000 pesetas y sólo se venderá en España .,neutral,202
Anotaci\u00f3n de opiniones positivas y negativas,De manera aleatoria se te mostrar\u00e1n oraciones que expresan opiniones sobre modelos de autom\u00f3vil. Deber\u00e1s indicar si corresponden a opiniones positivas  o a opiniones negativas.,"opinion, sentence, sentiment, spanish, polarity, rafael, text, annotation",202,El precio es aproximadamente 7 . 500 . 000 pesetas y sólo se venderá en España .,neutral,202
Anotaci\u00f3n de opiniones positivas y negativas,De manera aleatoria se te mostrar\u00e1n oraciones que expresan opiniones sobre modelos de autom\u00f3vil. Deber\u00e1s indicar si corresponden a opiniones positivas  o a opiniones negativas.,"opinion, sentence, sentiment, spanish, polarity, rafael, text, annotation",203,Ademas el Volkswagen Golf es un coche de unas prestaciones muy buenas y que da una relacion calidad precio inmejorable .,positive,203
Anotaci\u00f3n de opiniones positivas y negativas,De manera aleatoria se te mostrar\u00e1n oraciones que expresan opiniones sobre modelos de autom\u00f3vil. Deber\u00e1s indicar si corresponden a opiniones positivas  o a opiniones negativas.,"opinion, sentence, sentiment, spanish, polarity, rafael, text, annotation",203,Ademas el Volkswagen Golf es un coche de unas prestaciones muy buenas y que da una relacion calidad precio inmejorable .,positive,203
Anotaci\u00f3n de opiniones positivas y negativas,De manera aleatoria se te mostrar\u00e1n oraciones que expresan opiniones sobre modelos de autom\u00f3vil. Deber\u00e1s indicar si corresponden a opiniones positivas  o a opiniones negativas.,"opinion, sentence, sentiment, spanish, polarity, rafael, text, annotation",203,Ademas el Volkswagen Golf es un coche de unas prestaciones muy buenas y que da una relacion calidad precio inmejorable .,positive,203
Anotaci\u00f3n de opiniones positivas y negativas,De manera aleatoria se te mostrar\u00e1n oraciones que expresan opiniones sobre modelos de autom\u00f3vil. Deber\u00e1s indicar si corresponden a opiniones positivas  o a opiniones negativas.,"opinion, sentence, sentiment, spanish, polarity, rafael, text, annotation",26,También es un bocado exquisito para ladronzuelos con lo que ni se te ocurra dejarlo en la calle .,neutral,26
Anotaci\u00f3n de opiniones positivas y negativas,De manera aleatoria se te mostrar\u00e1n oraciones que expresan opiniones sobre modelos de autom\u00f3vil. Deber\u00e1s indicar si corresponden a opiniones positivas  o a opiniones negativas.,"opinion, sentence, sentiment, spanish, polarity, rafael, text, annotation",26,También es un bocado exquisito para ladronzuelos con lo que ni se te ocurra dejarlo en la calle .,positive,26
Anotaci\u00f3n de opiniones positivas y negativas,De manera aleatoria se te mostrar\u00e1n oraciones que expresan opiniones sobre modelos de autom\u00f3vil. Deber\u00e1s indicar si corresponden a opiniones positivas  o a opiniones negativas.,"opinion, sentence, sentiment, spanish, polarity, rafael, text, annotation",26,También es un bocado exquisito para ladronzuelos con lo que ni se te ocurra dejarlo en la calle .,neutral,26
Anotaci\u00f3n de opiniones positivas y negativas,De manera aleatoria se te mostrar\u00e1n oraciones que expresan opiniones sobre modelos de autom\u00f3vil. Deber\u00e1s indicar si corresponden a opiniones positivas  o a opiniones negativas.,"opinion, sentence, sentiment, spanish, polarity, rafael, text, annotation",204,Se le decolora .,negative,204
Anotaci\u00f3n de opiniones positivas y negativas,De manera aleatoria se te mostrar\u00e1n oraciones que expresan opiniones sobre modelos de autom\u00f3vil. Deber\u00e1s indicar si corresponden a opiniones positivas  o a opiniones negativas.,"opinion, sentence, sentiment, spanish, polarity, rafael, text, annotation",204,Se le decolora .,negative,204
Anotaci\u00f3n de opiniones positivas y negativas,De manera aleatoria se te mostrar\u00e1n oraciones que expresan opiniones sobre modelos de autom\u00f3vil. Deber\u00e1s indicar si corresponden a opiniones positivas  o a opiniones negativas.,"opinion, sentence, sentiment, spanish, polarity, rafael, text, annotation",204,Se le decolora .,negative,204
Anotaci\u00f3n de opiniones positivas y negativas,De manera aleatoria se te mostrar\u00e1n oraciones que expresan opiniones sobre modelos de autom\u00f3vil. Deber\u00e1s indicar si corresponden a opiniones positivas  o a opiniones negativas.,"opinion, sentence, sentiment, spanish, polarity, rafael, text, annotation",27,"En resumidas cuentas , pienso que la compra de este coche , no nos decepcionara .",positive,27
Anotaci\u00f3n de opiniones positivas y negativas,De manera aleatoria se te mostrar\u00e1n oraciones que expresan opiniones sobre modelos de autom\u00f3vil. Deber\u00e1s indicar si corresponden a opiniones positivas  o a opiniones negativas.,"opinion, sentence, sentiment, spanish, polarity, rafael, text, annotation",27,"En resumidas cuentas , pienso que la compra de este coche , no nos decepcionara .",positive,27
Anotaci\u00f3n de opiniones positivas y negativas,De manera aleatoria se te mostrar\u00e1n oraciones que expresan opiniones sobre modelos de autom\u00f3vil. Deber\u00e1s indicar si corresponden a opiniones positivas  o a opiniones negativas.,"opinion, sentence, sentiment, spanish, polarity, rafael, text, annotation",27,"En resumidas cuentas , pienso que la compra de este coche , no nos decepcionara .",positive,27
Anotaci\u00f3n de opiniones positivas y negativas,De manera aleatoria se te mostrar\u00e1n oraciones que expresan opiniones sobre modelos de autom\u00f3vil. Deber\u00e1s indicar si corresponden a opiniones positivas  o a opiniones negativas.,"opinion, sentence, sentiment, spanish, polarity, rafael, text, annotation",28,Megane es uno de los peores coches que Renault haya podido sacar nunca .,negative,28
Anotaci\u00f3n de opiniones positivas y negativas,De manera aleatoria se te mostrar\u00e1n oraciones que expresan opiniones sobre modelos de autom\u00f3vil. Deber\u00e1s indicar si corresponden a opiniones positivas  o a opiniones negativas.,"opinion, sentence, sentiment, spanish, polarity, rafael, text, annotation",28,Megane es uno de los peores coches que Renault haya podido sacar nunca .,negative,28
Anotaci\u00f3n de opiniones positivas y negativas,De manera aleatoria se te mostrar\u00e1n oraciones que expresan opiniones sobre modelos de autom\u00f3vil. Deber\u00e1s indicar si corresponden a opiniones positivas  o a opiniones negativas.,"opinion, sentence, sentiment, spanish, polarity, rafael, text, annotation",28,Megane es uno de los peores coches que Renault haya podido sacar nunca .,negative,28
Anotaci\u00f3n de opiniones positivas y negativas,De manera aleatoria se te mostrar\u00e1n oraciones que expresan opiniones sobre modelos de autom\u00f3vil. Deber\u00e1s indicar si corresponden a opiniones positivas  o a opiniones negativas.,"opinion, sentence, sentiment, spanish, polarity, rafael, text, annotation",205,"DESPUES DE PONERME OTRA BOMBA Y PAGARLA ME SIGUE FALLANDO CUANDO ESTA CALIENTE NO ENCIENDE , PERO NO ME DAN SOLUCIONADO EL PROBLEMA .",negative,205
Anotaci\u00f3n de opiniones positivas y negativas,De manera aleatoria se te mostrar\u00e1n oraciones que expresan opiniones sobre modelos de autom\u00f3vil. Deber\u00e1s indicar si corresponden a opiniones positivas  o a opiniones negativas.,"opinion, sentence, sentiment, spanish, polarity, rafael, text, annotation",205,"DESPUES DE PONERME OTRA BOMBA Y PAGARLA ME SIGUE FALLANDO CUANDO ESTA CALIENTE NO ENCIENDE , PERO NO ME DAN SOLUCIONADO EL PROBLEMA .",negative,205
Anotaci\u00f3n de opiniones positivas y negativas,De manera aleatoria se te mostrar\u00e1n oraciones que expresan opiniones sobre modelos de autom\u00f3vil. Deber\u00e1s indicar si corresponden a opiniones positivas  o a opiniones negativas.,"opinion, sentence, sentiment, spanish, polarity, rafael, text, annotation",205,"DESPUES DE PONERME OTRA BOMBA Y PAGARLA ME SIGUE FALLANDO CUANDO ESTA CALIENTE NO ENCIENDE , PERO NO ME DAN SOLUCIONADO EL PROBLEMA .",negative,205
Anotaci\u00f3n de opiniones positivas y negativas,De manera aleatoria se te mostrar\u00e1n oraciones que expresan opiniones sobre modelos de autom\u00f3vil. Deber\u00e1s indicar si corresponden a opiniones positivas  o a opiniones negativas.,"opinion, sentence, sentiment, spanish, polarity, rafael, text, annotation",29,El equipamiento viene muy completo incluso en gamas bajas y el precio esta dentro de lo normal .,positive,29
