Title,Description,Keywords,language,Answer.countries,Answer.primary_country,Answer.region,Answer.url
Look up the countries that a language is spoken in,Look up a language on the ethnologue web site and click on the countries it is spoken in,"data, languages, countries, enthnologue, research",turkmen,iran|turkey|pakistan|germany|unitedstates|kazakhstan|uzbekistan|russianfederation|other,other,"Also in Afghanistan, Germany, Iran, Iraq, Kazakhstan, Kyrgyzstan, Pakistan, Russian Federation (Asia), Syria, Tajikistan, Turkey (Asia), United States, Uzbekistan.",http://www.ethnologue.com/show_language.asp?code=tuk
Look up the countries that a language is spoken in,Look up a language on the ethnologue web site and click on the countries it is spoken in,"data, languages, countries, enthnologue, research",turkmen,iran|turkey|pakistan|germany|unitedstates|kazakhstan|uzbekistan|russia|other,other,"Also in Afghanistan, Germany, Iran, Iraq, Kazakhstan, Kyrgyzstan, Pakistan, Russian Federation (Asia), Syria, Tajikistan, Turkey (Asia), United States, Uzbekistan.",http://www.ethnologue.com/show_language.asp?code=tuk
Look up the countries that a language is spoken in,Look up a language on the ethnologue web site and click on the countries it is spoken in,"data, languages, countries, enthnologue, research",turkmen,iran|turkey|pakistan|germany|unitedstates|kazakhstan|uzbekistan|russianfederation|other,other,"Also in Afghanistan, Germany, Iran, Iraq, Kazakhstan, Kyrgyzstan, Pakistan, Russian Federation (Asia), Syria, Tajikistan, Turkey (Asia), United States, Uzbekistan.",http://www.ethnologue.com/show_language.asp?code=tuk
Look up the countries that a language is spoken in,Look up a language on the ethnologue web site and click on the countries it is spoken in,"data, languages, countries, enthnologue, research",bosnian,serbia|croatia|other,bosniaandherzegovina,"Also in Croatia, Montenegro, Serbia.",http://www.ethnologue.com/show_language.asp?code=bos
Look up the countries that a language is spoken in,Look up a language on the ethnologue web site and click on the countries it is spoken in,"data, languages, countries, enthnologue, research",bosnian,serbia|croatia|other,bosnia,"Also in Croatia, Montenegro, Serbia.",http://www.ethnologue.com/show_language.asp?code=bos
Look up the countries that a language is spoken in,Look up a language on the ethnologue web site and click on the countries it is spoken in,"data, languages, countries, enthnologue, research",bosnian,serbia|croatia,bosnia,"Also in Croatia, Montenegro, Serbia.",http://www.ethnologue.com/show_language.asp?code=bos
Look up the countries that a language is spoken in,Look up a language on the ethnologue web site and click on the countries it is spoken in,"data, languages, countries, enthnologue, research",ukrainian,serbia|canada|georgia|slovakia|argentina|armenia|unitedstates|poland|croatia|kazakhstan|uzbekistan|czechrepublic|moldova|belarus|romania|hungary|latvia|russianfederation|other|brazil|estonia|lithuania,ukraine,"Also in Argentina, Armenia, Azerbaijan, Belarus, Brazil, Canada, Croatia, Czech Republic, Estonia, Georgia, Hungary, Kazakhstan, Kyrgyzstan, Latvia, Lithuania, Moldova, Paraguay, Poland, Romania, Russian Federation (Asia), Serbia, Slovakia, Tajikistan, Turkmenistan, United States, Uzbekistan.",http://www.ethnologue.com/show_language.asp?code=ukr
Look up the countries that a language is spoken in,Look up a language on the ethnologue web site and click on the countries it is spoken in,"data, languages, countries, enthnologue, research",ukrainian,serbia|canada|georgia|slovakia|argentina|armenia|unitedstates|poland|croatia|kazakhstan|uzbekistan|czechrepublic|moldova|belarus|romania|hungary|latvia|russianfederation|other|brazil|estonia|lithuania,ukraine,"Also in Argentina, Armenia, Azerbaijan, Belarus, Brazil, Canada, Croatia, Czech Republic, Estonia, Georgia, Hungary, Kazakhstan, Kyrgyzstan, Latvia, Lithuania, Moldova, Paraguay, Poland, Romania, Russian Federation (Asia), Serbia, Slovakia, Tajikistan, Turkmenistan, United States, Uzbekistan.",http://www.ethnologue.com/show_language.asp?code=ukr
Look up the countries that a language is spoken in,Look up a language on the ethnologue web site and click on the countries it is spoken in,"data, languages, countries, enthnologue, research",ukrainian,serbia|canada|georgia|slovakia|argentina|armenia|unitedstates|poland|croatia|kazakhstan|uzbekistan|czechrepublic|moldova|belarus|romania|hungary|latvia|russianfederation|other|brazil|estonia|lithuania,ukraine,"Also in Argentina, Armenia, Azerbaijan, Belarus, Brazil, Canada, Croatia, Czech Republic, Estonia, Georgia, Hungary, Kazakhstan, Kyrgyzstan, Latvia, Lithuania, Moldova, Paraguay, Poland, Romania, Russian Federation (Asia), Serbia, Slovakia, Tajikistan, Turkmenistan, United States, Uzbekistan.",http://www.ethnologue.com/show_language.asp?code=ukr
Look up the countries that a language is spoken in,Look up a language on the ethnologue web site and click on the countries it is spoken in,"data, languages, countries, enthnologue, research",chinese,singapore|canada|uk|malaysia|philippines|unitedstates|mauritius|vietnam|zambia|russianfederation|taiwan|brunei|indonesia|thailand,china,"Widespread north of Changjiang River, a belt south of the Changjiang from Qiujiang (Jiangxi) to Zhenjiang (Jiangsu), Hubei, except southeast corner, Sichuan, Yunnan, Guizhou, northwest part of Guangxi, and northwest corner of Hunan. Also in Brunei, Cambodia, Canada, Indonesia (Java and Bali), Laos, Libya, Malaysia (Peninsular), Mauritius, Mongolia, Mozambique, Philippines, Russian Federation (Asia), Singapore, Taiwan, Thailand, United Kingdom, United States, Viet Nam, Zambia.",http://www.ethnologue.com/show_language.asp?code=cmn
Look up the countries that a language is spoken in,Look up a language on the ethnologue web site and click on the countries it is spoken in,"data, languages, countries, enthnologue, research",chinese,singapore|canada|uk|malaysia|philippines|unitedstates|mauritius|vietnam|zambia|russianfederation|taiwan|other|brunei|indonesia|thailand,china,"Widespread north of Changjiang River, a belt south of the Changjiang from Qiujiang (Jiangxi) to Zhenjiang (Jiangsu), Hubei, except southeast corner, Sichuan, Yunnan, Guizhou, northwest part of Guangxi, and northwest corner of Hunan. Also in Brunei, Cambodia, Canada, Indonesia (Java and Bali), Laos, Libya, Malaysia (Peninsular), Mauritius, Mongolia, Mozambique, Philippines, Russian Federation (Asia), Singapore, Taiwan, Thailand, United Kingdom, United States, Viet Nam, Zambia.",http://www.ethnologue.com/show_language.asp?code=cmn
Look up the countries that a language is spoken in,Look up a language on the ethnologue web site and click on the countries it is spoken in,"data, languages, countries, enthnologue, research",west frisian,other,netherlands,"North, Friesland.",http://www.ethnologue.com/show_language.asp?code=fry
Look up the countries that a language is spoken in,Look up a language on the ethnologue web site and click on the countries it is spoken in,"data, languages, countries, enthnologue, research",west frisian,other,netherlands,"North, Friesland",http://www.ethnologue.com/show_language.asp?code=fry
Look up the countries that a language is spoken in,Look up a language on the ethnologue web site and click on the countries it is spoken in,"data, languages, countries, enthnologue, research",west frisian,other,other,"North, Friesland.",http://www.ethnologue.com/show_language.asp?code=fry
Look up the countries that a language is spoken in,Look up a language on the ethnologue web site and click on the countries it is spoken in,"data, languages, countries, enthnologue, research",lombard,unitedstates|switzerland,italy,"North, Milan, Lombardy, 3 valleys of Graubünden (Val Mesolcina, Val Bregaglia, Val Poschiavo). Western Lombard varieties also in Sicily. Also in Switzerland, United States.",http://www.ethnologue.com/show_language.asp?code=lmo
Look up the countries that a language is spoken in,Look up a language on the ethnologue web site and click on the countries it is spoken in,"data, languages, countries, enthnologue, research",lombard,unitedstates|switzerland,italy,"North, Milan, Lombardy, 3 valleys of Graubünden (Val Mesolcina, Val Bregaglia, Val Poschiavo). Western Lombard varieties also in Sicily. Also in Switzerland, United States.",http://www.ethnologue.com/show_language.asp?code=lmo
Look up the countries that a language is spoken in,Look up a language on the ethnologue web site and click on the countries it is spoken in,"data, languages, countries, enthnologue, research",lombard,unitedstates|switzerland|other,italy,"North, Milan, Lombardy, 3 valleys of Graubünden (Val Mesolcina, Val Bregaglia, Val Poschiavo). Western Lombard varieties also in Sicily. Also in Switzerland, United States.",http://www.ethnologue.com/show_language.asp?code=lmo
Look up the countries that a language is spoken in,Look up a language on the ethnologue web site and click on the countries it is spoken in,"data, languages, countries, enthnologue, research",italian,luxembourg|tunisia|france|canada|israel|uae|argentina|chile|germany|slovenia|uk|somalia|philippines|southafrica|unitedstates|australia|malta|uruguay|croatia|puertorico|bosniaandherzegovina|romania|belgium|switzerland|bosnia|egypt|other|brazil|saudiarabia,italy,"Also in Argentina, Australia, Belgium, Bosnia and Herzegovina, Brazil, Canada, Chile, Croatia, Egypt, Eritrea, France, Germany, Israel, Libya, Liechtenstein, Luxembourg, Malta, Paraguay, Philippines, Puerto Rico, Romania, San Marino, Saudi Arabia, Slovenia, Somalia, South Africa, Switzerland, Tunisia, United Arab Emirates, United Kingdom, United States, Uruguay, Vatican State",http://www.ethnologue.com/show_language.asp?code=ita
Look up the countries that a language is spoken in,Look up a language on the ethnologue web site and click on the countries it is spoken in,"data, languages, countries, enthnologue, research",italian,luxembourg|tunisia|france|canada|israel|argentina|chile|germany|slovenia|uk|somalia|philippines|southafrica|unitedstates|australia|malta|uruguay|croatia|puertorico|romania|belgium|switzerland|bosnia|egypt|other|brazil|saudiarabia,italy,"Also in Argentina, Australia, Belgium, Bosnia and Herzegovina, Brazil, Canada, Chile, Croatia, Egypt, Eritrea, France, Germany, Israel, Libya, Liechtenstein, Luxembourg, Malta, Paraguay, Philippines, Puerto Rico, Romania, San Marino, Saudi Arabia, Slovenia, Somalia, South Africa, Switzerland, Tunisia, United Arab Emirates, United Kingdom, United States, Uruguay, Vatican State.",http://www.ethnologue.com/show_language.asp?code=ita
Look up the countries that a language is spoken in,Look up a language on the ethnologue web site and click on the countries it is spoken in,"data, languages, countries, enthnologue, research",italian,luxembourg|tunisia|france|canada|israel|uae|argentina|chile|germany|slovenia|uk|somalia|philippines|southafrica|unitedstates|australia|malta|uruguay|puertorico|bosniaandherzegovina|romania|belgium|switzerland|bosnia|egypt|other|brazil,italy,"Also in Argentina, Australia, Belgium, Bosnia and Herzegovina, Brazil, Canada, Chile, Croatia, Egypt, Eritrea, France, Germany, Israel, Libya, Liechtenstein, Luxembourg, Malta, Paraguay, Philippines, Puerto Rico, Romania, San Marino, Saudi Arabia, Slovenia, Somalia, South Africa, Switzerland, Tunisia, United Arab Emirates, United Kingdom, United States, Uruguay, Vatican State.",http://www.ethnologue.com/show_language.asp?code=ita
Look up the countries that a language is spoken in,Look up a language on the ethnologue web site and click on the countries it is spoken in,"data, languages, countries, enthnologue, research",norwegian (nynorsk),norway,norway,not available,http://www.ethnologue.com/show_language.asp?code=nor
Look up the countries that a language is spoken in,Look up a language on the ethnologue web site and click on the countries it is spoken in,"data, languages, countries, enthnologue, research",norwegian (nynorsk),finland|norway|denmark|sweden,norway,"Denmark, Finland, Norway and Sweden",http://www.ethnologue.com/show_language.asp?code=nor
Look up the countries that a language is spoken in,Look up a language on the ethnologue web site and click on the countries it is spoken in,"data, languages, countries, enthnologue, research",serbian,albania|bulgaria|turkey|canada|macedoniatheformeryugoslavrepublicof|uae|greece|ukraine|unitedstates|australia|croatia|czechrepublic|bosniaandherzegovina|romania|sweden|hungary|russia|zambia|bosnia|other|liberia,serbia,"Also in Albania, Australia, Bosnia and Herzegovina, Bulgaria, Canada, Croatia, Czech Republic, Greece, Hungary, Libya, Macedonia, Montenegro, Romania, Russian Federation (Europe), Sweden, Switzerland, Turkey (Europe), Ukraine, United Arab Emirates, United States, Zambia.",http://www.ethnologue.com/show_language.asp?code=srp
Look up the countries that a language is spoken in,Look up a language on the ethnologue web site and click on the countries it is spoken in,"data, languages, countries, enthnologue, research",serbian,albania|bulgaria|macedonia|canada|macedoniatheformeryugoslavrepublicof|uae|uk|greece|ukraine|australia|croatia|czechrepublic|bosniaandherzegovina|romania|sweden|hungary|switzerland|zambia|bosnia|other,serbia,"Also in Albania, Australia, Bosnia and Herzegovina, Bulgaria, Canada, Croatia, Czech Republic, Greece, Hungary, Libya, Macedonia, Montenegro, Romania, Russian Federation (Europe), Sweden, Switzerland, Turkey (Europe), Ukraine, United Arab Emirates, United States, Zambia",http://www.ethnologue.com/show_language.asp?code=srp
Look up the countries that a language is spoken in,Look up a language on the ethnologue web site and click on the countries it is spoken in,"data, languages, countries, enthnologue, research",serbian,albania|bulgaria|turkey|canada|macedoniatheformeryugoslavrepublicof|uae|greece|ukraine|unitedstates|australia|croatia|czechrepublic|bosniaandherzegovina|romania|sweden|hungary|switzerland|zambia|bosnia|russianfederation|other,serbia,"Also in Albania, Australia, Bosnia and Herzegovina, Bulgaria, Canada, Croatia, Czech Republic, Greece, Hungary, Libya, Macedonia, Montenegro, Romania, Russian Federation (Europe), Sweden, Switzerland, Turkey (Europe), Ukraine, United Arab Emirates, United States, Zambia.",http://www.ethnologue.com/show_language.asp?code=srp
Look up the countries that a language is spoken in,Look up a language on the ethnologue web site and click on the countries it is spoken in,"data, languages, countries, enthnologue, research",oriya,bangladesh,india,"Orissa; Jharkhand, Singhbhum, Ranchi districts; Chhattisgarh, Raigarh, Raipur, Bastar districts; West Bengal, Medinipur (Midnapore) District; Assam; Andhra Pradesh, Vishakhapatnam District. Also in Bangladesh.",http://www.ethnologue.com/show_language.asp?code=ori
Look up the countries that a language is spoken in,Look up a language on the ethnologue web site and click on the countries it is spoken in,"data, languages, countries, enthnologue, research",oriya,bangladesh,india,"Orissa; Jharkhand, Singhbhum, Ranchi districts; Chhattisgarh, Raigarh, Raipur, Bastar districts; West Bengal, Medinipur (Midnapore) District; Assam; Andhra Pradesh, Vishakhapatnam District. Also in Bangladesh.",http://www.ethnologue.com/show_language.asp?code=ori
Look up the countries that a language is spoken in,Look up a language on the ethnologue web site and click on the countries it is spoken in,"data, languages, countries, enthnologue, research",oriya,bangladesh|other,india,"Orissa; Jharkhand, Singhbhum, Ranchi districts; Chhattisgarh, Raigarh, Raipur, Bastar districts; West Bengal, Medinipur (Midnapore) District; Assam; Andhra Pradesh, Vishakhapatnam District. Also in Bangladesh.",http://www.ethnologue.com/show_language.asp?code=ori
Look up the countries that a language is spoken in,Look up a language on the ethnologue web site and click on the countries it is spoken in,"data, languages, countries, enthnologue, research",esperanto,china|other,poland,"About 115 countries, most widely in central and eastern Europe; east Asia: China and other countries; areas of South America; southwest Asia.",http://www.ethnologue.com/show_language.asp?code=epo
Look up the countries that a language is spoken in,Look up a language on the ethnologue web site and click on the countries it is spoken in,"data, languages, countries, enthnologue, research",esperanto,china|other,poland,"About 115 countries, most widely in central and eastern Europe; east Asia: China and other countries; areas of South America; southwest Asia.",www.ethnologue.com/show_language.asp?code=epo
Look up the countries that a language is spoken in,Look up a language on the ethnologue web site and click on the countries it is spoken in,"data, languages, countries, enthnologue, research",esperanto,china|other,poland,"About 115 countries, most widely in central and eastern Europe; east Asia: China and other countries; areas of South America; southwest Asia.",http://www.ethnologue.com/show_language.asp?code=epo
Look up the countries that a language is spoken in,Look up a language on the ethnologue web site and click on the countries it is spoken in,"data, languages, countries, enthnologue, research",malay,singapore|other|brunei,malaysia,"Widespread Peninsular Malaysia, Sabah, and Sarawak. Also in Brunei, Singapore.",http://www.ethnologue.com/show_language.asp?code=zsm
Look up the countries that a language is spoken in,Look up a language on the ethnologue web site and click on the countries it is spoken in,"data, languages, countries, enthnologue, research",malay,singapore|canada|uae|malaysia|unitedstates|other|indonesia,malaysia,"Region  	Widespread in Peninsular Malaysia, parts of Sarawak. Also in Canada, Indonesia (Sumatra), Myanmar, Singapore, United Arab Emirates, United States.",http://www.ethnologue.com/show_language.asp?code=zlm
Look up the countries that a language is spoken in,Look up a language on the ethnologue web site and click on the countries it is spoken in,"data, languages, countries, enthnologue, research",malay,singapore|canada|uae|malaysia|unitedstates|other|indonesia,malaysia,"Widespread in Peninsular Malaysia, parts of Sarawak. Also in Canada, Indonesia (Sumatra), Myanmar, Singapore, United Arab Emirates, United States.",http://www.ethnologue.com/show_language.asp?code=zlm
Look up the countries that a language is spoken in,Look up a language on the ethnologue web site and click on the countries it is spoken in,"data, languages, countries, enthnologue, research",haitian,canada|unitedstates|puertorico|dominicanrepublic|other,other,"Widespread. Also in Bahamas, Canada, Cayman Islands, Dominican Republic, French Guiana, Guadeloupe, Puerto Rico, Turks and Caicos Islands, United States.",http://www.ethnologue.com/show_language.asp?code=hat
Look up the countries that a language is spoken in,Look up a language on the ethnologue web site and click on the countries it is spoken in,"data, languages, countries, enthnologue, research",haitian,canada|unitedstates|puertorico|dominicanrepublic|other,other,"Widespread. Also in Bahamas, Canada, Cayman Islands, Dominican Republic, French Guiana, Guadeloupe, Puerto Rico, Turks and Caicos Islands, United States.",http://www.ethnologue.com/show_language.asp?code=hat
Look up the countries that a language is spoken in,Look up a language on the ethnologue web site and click on the countries it is spoken in,"data, languages, countries, enthnologue, research",haitian,canada|unitedstates|puertorico|dominicanrepublic|other,other,"Widespread. Also in Bahamas, Canada, Cayman Islands, Dominican Republic, French Guiana, Guadeloupe, Puerto Rico, Turks and Caicos Islands, United States.",http://www.ethnologue.com/show_language.asp?code=hat
Look up the countries that a language is spoken in,Look up a language on the ethnologue web site and click on the countries it is spoken in,"data, languages, countries, enthnologue, research",ilokano,unitedstates|other,philippines,"Northwest Luzon, La Union and Ilocos provinces, Cagayan Valley, Babuyan, Mindoro, Mindanao. Also in United States.",http://www.ethnologue.com/show_language.asp?code=ilo
Look up the countries that a language is spoken in,Look up a language on the ethnologue web site and click on the countries it is spoken in,"data, languages, countries, enthnologue, research",ilokano,unitedstates,philippines,"Northwest Luzon, La Union and Ilocos provinces, Cagayan Valley, Babuyan, Mindoro, Mindanao. Also in United States.",http://www.ethnologue.com/show_language.asp?code=ilo
Look up the countries that a language is spoken in,Look up a language on the ethnologue web site and click on the countries it is spoken in,"data, languages, countries, enthnologue, research",ilokano,philippines|unitedstates,philippines,"Northwest Luzon, La Union and Ilocos provinces, Cagayan Valley, Babuyan, Mindoro, Mindanao. Also in United States.",http://www.ethnologue.com/show_language.asp?code=ilo
Look up the countries that a language is spoken in,Look up a language on the ethnologue web site and click on the countries it is spoken in,"data, languages, countries, enthnologue, research",bishnupriya manipuri,bangladesh|other,india,"Assam, Cachar, Hailakandi, Karimganj districts; Tripura, North. Also in Bangladesh, Myanmar.",http://www.ethnologue.com/show_language.asp?code=bpy
Look up the countries that a language is spoken in,Look up a language on the ethnologue web site and click on the countries it is spoken in,"data, languages, countries, enthnologue, research",bishnupriya manipuri,bangladesh|other,india,"Assam, Cachar, Hailakandi, Karimganj districts; Tripura, North. Also in Bangladesh, Myanmar.",http://www.ethnologue.com/show_language.asp?code=bpy
Look up the countries that a language is spoken in,Look up a language on the ethnologue web site and click on the countries it is spoken in,"data, languages, countries, enthnologue, research",bishnupriya manipuri,bangladesh|other|india,india,"Assam, Cachar, Hailakandi, Karimganj districts; Tripura, North. Also in Bangladesh, Myanmar.",http://www.ethnologue.com/show_language.asp?code=bpy
Look up the countries that a language is spoken in,Look up a language on the ethnologue web site and click on the countries it is spoken in,"data, languages, countries, enthnologue, research",greek,albania|bulgaria|tunisia|france|macedonia|turkey|canada|georgia|uae|germany|italy|uk|armenia|greece|ukraine|southafrica|unitedstates|australia|jordan|poland|kazakhstan|cyprus|czechrepublic|romania|sweden|hungary|egypt|russianfederation|other,greece,"Widespread, especially in Greek Macedonia. Also in Albania, Armenia, Australia, Austria, Bahamas, Bulgaria, Canada, Congo, Cyprus, Czech Republic, Democratic Republic of the Congo, Djibouti, Egypt, France, Georgia, Germany, Hungary, Italy, Jordan, Kazakhstan, Libya, Macedonia, Malawi, Mozambique, Paraguay, Poland, Romania, Russian Federation (Europe), Sierra Leone, South Africa, Sweden, Tunisia, Turkey (Europe), Ukraine, United Arab Emirates, United Kingdom, United States.",http://www.ethnologue.com/show_language.asp?code=ell
Look up the countries that a language is spoken in,Look up a language on the ethnologue web site and click on the countries it is spoken in,"data, languages, countries, enthnologue, research",greek,albania|france|turkey|italy|ukraine|cyprus|romania|egypt,greece,"Widespread, especially in Greek Macedonia. Also in Albania, Armenia, Australia, Austria, Bahamas, Bulgaria, Canada, Congo, Cyprus, Czech Republic, Democratic Republic of the Congo, Djibouti, Egypt, France, Georgia, Germany, Hungary, Italy, Jordan, Kazakhstan, Libya, Macedonia, Malawi, Mozambique, Paraguay, Poland, Romania, Russian Federation (Europe), Sierra Leone, South Africa, Sweden, Tunisia, Turkey (Europe), Ukraine, United Arab Emirates, United Kingdom, United States.",http://www.ethnologue.com/show_language.asp?code=ell
Look up the countries that a language is spoken in,Look up a language on the ethnologue web site and click on the countries it is spoken in,"data, languages, countries, enthnologue, research",greek,albania|bulgaria|tunisia|france|macedonia|turkey|canada|georgia|macedoniatheformeryugoslavrepublicof|uae|germany|italy|armenia|ukraine|southafrica|unitedstates|australia|jordan|poland|austria|kazakhstan|cyprus|czechrepublic|sweden|hungary|egypt|russianfederation|other,greece,"Widespread, especially in Greek Macedonia. Also in Albania, Armenia, Australia, Austria, Bahamas, Bulgaria, Canada, Congo, Cyprus, Czech Republic, Democratic Republic of the Congo, Djibouti, Egypt, France, Georgia, Germany, Hungary, Italy, Jordan, Kazakhstan, Libya, Macedonia, Malawi, Mozambique, Paraguay, Poland, Romania, Russian Federation (Europe), Sierra Leone, South Africa, Sweden, Tunisia, Turkey (Europe), Ukraine, United Arab Emirates, United Kingdom, United States.",http://www.ethnologue.com/show_language.asp?code=ell
Look up the countries that a language is spoken in,Look up a language on the ethnologue web site and click on the countries it is spoken in,"data, languages, countries, enthnologue, research",slovenian,serbia|canada|argentina|italy|slovenia|unitedstates|australia|croatia|hungary|other,slovenia,"Carniola and southern parts of Styria and Carinthia; Lower Carniola in Dolenjsko, Upper Carniola in Gorenjska, Primorski in West Slovenia, Stajerski in Styria. Also spoken in Argentina, Australia, Austria, Canada, Croatia, Hungary, Italy, Serbia and Montenegro, USA.",http://www.ethnologue.com/%5C/15/show_language.asp?code=slv
Look up the countries that a language is spoken in,Look up a language on the ethnologue web site and click on the countries it is spoken in,"data, languages, countries, enthnologue, research",slovenian,serbia|canada|argentina|italy|unitedstates|australia|austria|croatia|hungary,slovenia,"Carniola, south Styria and Carinthia. Lower Carniola in Dolenjsko; Upper Carniola in Gorenjska; Primorski in West Slovenia; Stajerski in Styria. Also in Argentina, Australia, Austria, Canada, Croatia, Hungary, Italy, Serbia, United States.",http://www.ethnologue.com/show_language.asp?code=slv
Look up the countries that a language is spoken in,Look up a language on the ethnologue web site and click on the countries it is spoken in,"data, languages, countries, enthnologue, research",slovenian,serbia|canada|argentina|italy|slovenia|unitedstates|australia|austria|croatia|hungary|other,slovenia,"Carniola, south Styria and Carinthia. Lower Carniola in Dolenjsko; Upper Carniola in Gorenjska; Primorski in West Slovenia; Stajerski in Styria. Also in Argentina, Australia, Austria, Canada, Croatia, Hungary, Italy, Serbia, United States.",http://www.ethnologue.com/show_language.asp?code=slv
Look up the countries that a language is spoken in,Look up a language on the ethnologue web site and click on the countries it is spoken in,"data, languages, countries, enthnologue, research",bengali,singapore|canada|uk|unitedstates|nepal|other|india|saudiarabia,bangladesh,"West. Also in Canada, India, Malawi, Nepal, Saudi Arabia, Singapore, United Arab Emirates, United Kingdom, United States.",http://www.ethnologue.com/show_language.asp?code=ben
Look up the countries that a language is spoken in,Look up a language on the ethnologue web site and click on the countries it is spoken in,"data, languages, countries, enthnologue, research",bengali,singapore|canada|uae|uk|unitedstates|nepal|other|india|saudiarabia,bangladesh,"West. Also in Canada, India, Malawi, Nepal, Saudi Arabia, Singapore, United Arab Emirates, United Kingdom, United States.",http://www.ethnologue.com/show_language.asp?code=ben
Look up the countries that a language is spoken in,Look up a language on the ethnologue web site and click on the countries it is spoken in,"data, languages, countries, enthnologue, research",bengali,singapore|canada|uae|uk|unitedstates|nepal|india|saudiarabia,bangladesh,"West. Also in Canada, India, Malawi, Nepal, Saudi Arabia, Singapore, United Arab Emirates, United Kingdom, United States.",http://www.ethnologue.com/show_language.asp?code=ben
Look up the countries that a language is spoken in,Look up a language on the ethnologue web site and click on the countries it is spoken in,"data, languages, countries, enthnologue, research",latvian,canada|germany|uk|ukraine|unitedstates|australia|venezuela|belarus|sweden|russianfederation|brazil|estonia|newzealand|lithuania,latvia,"Also in Australia, Belarus, Brazil, Canada, Estonia, Germany, Lithuania, New Zealand, Russian Federation (Europe), Sweden, Ukraine, United Kingdom, United States, Venezuela.",http://www.ethnologue.com/show_language.asp?code=lav
Look up the countries that a language is spoken in,Look up a language on the ethnologue web site and click on the countries it is spoken in,"data, languages, countries, enthnologue, research",latvian,canada|germany|uk|ukraine|unitedstates|australia|venezuela|belarus|sweden|latvia|russianfederation|brazil|estonia|newzealand|lithuania,latvia,"Also in Australia, Belarus, Brazil, Canada, Estonia, Germany, Lithuania, New Zealand, Russian Federation (Europe), Sweden, Ukraine, United Kingdom, United States, Venezuela.",http://www.ethnologue.com/show_language.asp?code=lav
Look up the countries that a language is spoken in,Look up a language on the ethnologue web site and click on the countries it is spoken in,"data, languages, countries, enthnologue, research",latvian,canada|germany|uk|ukraine|unitedstates|australia|venezuela|belarus|sweden|russianfederation|brazil|estonia|newzealand|lithuania,latvia,"Australia, Belarus, Brazil, Canada, Estonia, Germany, Lithuania, New Zealand, Russian Federation (Europe), Sweden, Ukraine, United Kingdom, United States, Venezuela.",http://www.ethnologue.com/show_language.asp?code=lav
Look up the countries that a language is spoken in,Look up a language on the ethnologue web site and click on the countries it is spoken in,"data, languages, countries, enthnologue, research",pangasinan,philippines|unitedstates,philippines,"Pangasinan Province, Luzon. Also in United States.",http://www.ethnologue.com/show_language.asp?code=pag
Look up the countries that a language is spoken in,Look up a language on the ethnologue web site and click on the countries it is spoken in,"data, languages, countries, enthnologue, research",pangasinan,unitedstates,philippines,"Pangasinan Province, Luzon. Also in United States.",http://www.ethnologue.com/show_language.asp?code=pag
Look up the countries that a language is spoken in,Look up a language on the ethnologue web site and click on the countries it is spoken in,"data, languages, countries, enthnologue, research",pangasinan,unitedstates|other,philippines,"Pangasinan Province, Luzon. Also in United States.",http://www.ethnologue.com/show_language.asp?code=pag
Look up the countries that a language is spoken in,Look up a language on the ethnologue web site and click on the countries it is spoken in,"data, languages, countries, enthnologue, research",malagasy,madagascar,madagascar,There is no information about the region on the web page.,http://www.ethnologue.com/show_language.asp?code=mlg
Look up the countries that a language is spoken in,Look up a language on the ethnologue web site and click on the countries it is spoken in,"data, languages, countries, enthnologue, research",malagasy,madagascar,madagascar,"There is no ""Region"" information on this page.",http://www.ethnologue.com/show_language.asp?code=mlg
Look up the countries that a language is spoken in,Look up a language on the ethnologue web site and click on the countries it is spoken in,"data, languages, countries, enthnologue, research",malagasy,other,madagascar,,http://www.ethnologue.com/show_language.asp?code=mlg
Look up the countries that a language is spoken in,Look up a language on the ethnologue web site and click on the countries it is spoken in,"data, languages, countries, enthnologue, research",welsh,canada|argentina|unitedstates,uk,"North, west, south Wales. Also in Argentina, Canada, United States.",http://www.ethnologue.com/show_language.asp?code=cym
Look up the countries that a language is spoken in,Look up a language on the ethnologue web site and click on the countries it is spoken in,"data, languages, countries, enthnologue, research",welsh,canada|argentina|unitedstates|other,uk,"North, west, south Wales. Also in Argentina, Canada, United States.",http://www.ethnologue.com/show_language.asp?code=cym
Look up the countries that a language is spoken in,Look up a language on the ethnologue web site and click on the countries it is spoken in,"data, languages, countries, enthnologue, research",welsh,canada|argentina|uk|unitedstates,uk,"North, west, south Wales. Also in Argentina, Canada, United States.",http://www.ethnologue.com/show_language.asp?code=cym
Look up the countries that a language is spoken in,Look up a language on the ethnologue web site and click on the countries it is spoken in,"data, languages, countries, enthnologue, research",ido,other,other,"The language referenced by this code is an ancient, classical, or constructed language with no living mother-tongue speakers, or was identified as extinct before 1950 (when Ethnologue began). Language identifier code documentation for Ido [ido] is maintained by The Linguist List.",http://www.ethnologue.com/show_language.asp?code=ido
Look up the countries that a language is spoken in,Look up a language on the ethnologue web site and click on the countries it is spoken in,"data, languages, countries, enthnologue, research",ido,mexico,mexico,no region available,http://www.ethnologue.com/show_work.asp?id=928474512845
Look up the countries that a language is spoken in,Look up a language on the ethnologue web site and click on the countries it is spoken in,"data, languages, countries, enthnologue, research",ido,other,other,"The language referenced by this code is an ancient, classical, or constructed language with no living mother-tongue speakers, or was identified as extinct before 1950 (when Ethnologue began). Language identifier code documentation for Ido [ido] is maintained by The Linguist List.",http://www.ethnologue.com/show_language.asp?code=ido
Look up the countries that a language is spoken in,Look up a language on the ethnologue web site and click on the countries it is spoken in,"data, languages, countries, enthnologue, research",basque,france|philippines|unitedstates|australia|costarica|spain|mexico,spain,"France-Spain border, 3 Basque provinces: Alava (Araba), Bizkaia (Biskay), and Gipuzkoa of Autonomous Basque Community (CAV); north central Spain, Autonomous Region of Navarra (Nafarroa), north area. Also in Australia, Costa Rica, France, Mexico, Philippines, United States.",http://www.ethnologue.com/show_language.asp?code=eus
Look up the countries that a language is spoken in,Look up a language on the ethnologue web site and click on the countries it is spoken in,"data, languages, countries, enthnologue, research",basque,france|philippines|unitedstates|australia|costarica|mexico|other,spain,"France-Spain border, 3 Basque provinces: Alava (Araba), Bizkaia (Biskay), and Gipuzkoa of Autonomous Basque Community (CAV); north central Spain, Autonomous Region of Navarra (Nafarroa), north area. Also in Australia, Costa Rica, France, Mexico, Philippines, United States.",http://www.ethnologue.com/show_language.asp?code=eus
Look up the countries that a language is spoken in,Look up a language on the ethnologue web site and click on the countries it is spoken in,"data, languages, countries, enthnologue, research",basque,france|aruba|philippines|unitedstates|australia|costarica|spain|mexico|other,spain,"France-Spain border, 3 Basque provinces: Alava (Araba), Bizkaia (Biskay), and Gipuzkoa of Autonomous Basque Community (CAV); north central Spain, Autonomous Region of Navarra (Nafarroa), north area. Also in Australia, Costa Rica, France, Mexico, Philippines, United States.",http://www.ethnologue.com/show_language.asp?code=eus
Look up the countries that a language is spoken in,Look up a language on the ethnologue web site and click on the countries it is spoken in,"data, languages, countries, enthnologue, research",norwegian (bokmal),norway,norway,Not available,http://www.ethnologue.com/show_language.asp?code=nor
Look up the countries that a language is spoken in,Look up a language on the ethnologue web site and click on the countries it is spoken in,"data, languages, countries, enthnologue, research",norwegian (bokmal),finland|norway|denmark|sweden,norway,"Denmark, Finland, Norway and Sweden",http://www.ethnologue.com/show_language.asp?code=nor
Look up the countries that a language is spoken in,Look up a language on the ethnologue web site and click on the countries it is spoken in,"data, languages, countries, enthnologue, research",norwegian (bokmal),finland|norway|denmark|sweden,norway,"Denmark, Finland, Norway and Sweden",http://www.ethnologue.com/show_language.asp?code=nor
Look up the countries that a language is spoken in,Look up a language on the ethnologue web site and click on the countries it is spoken in,"data, languages, countries, enthnologue, research",galician,spain|portugal,spain,"Northwest Spain, Galicia Autonomous Region. Also in Portugal.",http://www.ethnologue.com/show_language.asp?code=glg
Look up the countries that a language is spoken in,Look up a language on the ethnologue web site and click on the countries it is spoken in,"data, languages, countries, enthnologue, research",galician,spain|portugal,spain,"Northwest Spain, Galicia Autonomous Region. Also in Portugal.",http://www.ethnologue.com/show_language.asp?code=glg
Look up the countries that a language is spoken in,Look up a language on the ethnologue web site and click on the countries it is spoken in,"data, languages, countries, enthnologue, research",galician,spain|portugal,spain,"Northwest Spain, Galicia Autonomous Region. Also in Portugal.",http://www.ethnologue.com/show_language.asp?code=glg
Look up the countries that a language is spoken in,Look up a language on the ethnologue web site and click on the countries it is spoken in,"data, languages, countries, enthnologue, research",swedish,finland|norway|canada|unitedstates|denmark|other|estonia,sweden,"he Göta dialect group south, including parts of Småland, south Swedish provinces, Värmland, Västergvtland; Svea in north, including Hälsingland, parts of Östergötland and Uppland, and Swedish-speaking parts of Finland; Southern Swedish in Skåne, Blekinge, southern Småland, southern Halland; Northern Swedish in northern Hälsingland and Jämtland and north; Jamtska mainly in Jämtland; Eastern Swedish in Finland, Estonia, and Gammalsvenskby, Ukraine; Gutnic southeast Isle of Gotland and Fårö. Also in Canada, Denmark, Estonia, Finland, Norway, United Arab Emirates, United States.",http://www.ethnologue.com/show_language.asp?code=swe
Look up the countries that a language is spoken in,Look up a language on the ethnologue web site and click on the countries it is spoken in,"data, languages, countries, enthnologue, research",swedish,finland|norway|canada|uae|ukraine|unitedstates|denmark|other|estonia,sweden,"The Göta dialect group south, including parts of Småland, south Swedish provinces, Värmland, Västergvtland; Svea in north, including Hälsingland, parts of Östergötland and Uppland, and Swedish-speaking parts of Finland; Southern Swedish in Skåne, Blekinge, southern Småland, southern Halland; Northern Swedish in northern Hälsingland and Jämtland and north; Jamtska mainly in Jämtland; Eastern Swedish in Finland, Estonia, and Gammalsvenskby, Ukraine; Gutnic southeast Isle of Gotland and Fårö. Also in Canada, Denmark, Estonia, Finland, Norway, United Arab Emirates, United States.",http://www.ethnologue.com/show_language.asp?code=swe
Look up the countries that a language is spoken in,Look up a language on the ethnologue web site and click on the countries it is spoken in,"data, languages, countries, enthnologue, research",swedish,finland|norway|canada|uae|ukraine|unitedstates|denmark|sweden|estonia,sweden,"The Göta dialect group south, including parts of Småland, south Swedish provinces, Värmland, Västergvtland; Svea in north, including Hälsingland, parts of Östergötland and Uppland, and Swedish-speaking parts of Finland; Southern Swedish in Skåne, Blekinge, southern Småland, southern Halland; Northern Swedish in northern Hälsingland and Jämtland and north; Jamtska mainly in Jämtland; Eastern Swedish in Finland, Estonia, and Gammalsvenskby, Ukraine; Gutnic southeast Isle of Gotland and Fårö. Also in Canada, Denmark, Estonia, Finland, Norway, United Arab Emirates, United States.",http://www.ethnologue.com/show_language.asp?code=swe
Look up the countries that a language is spoken in,Look up a language on the ethnologue web site and click on the countries it is spoken in,"data, languages, countries, enthnologue, research",arabic,tunisia|algeria|uae|somalia|jordan|bahrain|kuwait|morocco|yemen|egypt|lebanon|other|tanzania,saudiarabia,"Middle East, North Africa. Also in Algeria, Bahrain, Chad, Comoros, Djibouti, Egypt, Eritrea, Iraq, Israel, Jordan, Kuwait, Lebanon, Libya, Morocco, Oman, Palestinian West Bank and Gaza, Qatar, Somalia, Sudan, Syria, Tanzania, Tunisia, United Arab Emirates, Yemen.",http://www.ethnologue.com/show_language.asp?code=arb
Look up the countries that a language is spoken in,Look up a language on the ethnologue web site and click on the countries it is spoken in,"data, languages, countries, enthnologue, research",arabic,tunisia|oman|israel|somalia|jordan|qatar|kuwait|yemen|egypt|tanzania,saudiarabia,"Middle East, North Africa. Also in Algeria, Bahrain, Chad, Comoros, Djibouti, Egypt, Eritrea, Iraq, Israel, Jordan, Kuwait, Lebanon, Libya, Morocco, Oman, Palestinian West Bank and Gaza, Qatar, Somalia, Sudan, Syria, Tanzania, Tunisia, United Arab Emirates, Yemen.",http://www.ethnologue.com/show_language.asp?code=arb
Look up the countries that a language is spoken in,Look up a language on the ethnologue web site and click on the countries it is spoken in,"data, languages, countries, enthnologue, research",arabic,tunisia|oman|anguilla|israel|uae|somalia|jordan|bahrain|qatar|kuwait|morocco|yemen|egypt|lebanon|tanzania,saudiarabia,"Region  	Middle East, North Africa. Also in Algeria, Bahrain, Chad, Comoros, Djibouti, Egypt, Eritrea, Iraq, Israel, Jordan, Kuwait, Lebanon, Libya, Morocco, Oman, Palestinian West Bank and Gaza, Qatar, Somalia, Sudan, Syria, Tanzania, Tunisia, United Arab Emirates, Yemen.",http://www.ethnologue.com/show_language.asp?code=arb
Look up the countries that a language is spoken in,Look up a language on the ethnologue web site and click on the countries it is spoken in,"data, languages, countries, enthnologue, research",danish,norway|canada|uae|germany|unitedstates|sweden,denmark,"Also in Canada, Germany, Greenland, Norway, Sweden, United Arab Emirates, United States.",http://www.ethnologue.com/show_language.asp?code=dan
Look up the countries that a language is spoken in,Look up a language on the ethnologue web site and click on the countries it is spoken in,"data, languages, countries, enthnologue, research",danish,norway|canada|uae|germany|sweden,denmark,"Also in Canada, Germany, Greenland, Norway, Sweden, United Arab Emirates, United States.",http://www.ethnologue.com/show_language.asp?code=dan
Look up the countries that a language is spoken in,Look up a language on the ethnologue web site and click on the countries it is spoken in,"data, languages, countries, enthnologue, research",danish,norway|canada|uae|germany|unitedstates|sweden|other,denmark,"Also in Canada, Germany, Greenland, Norway, Sweden, United Arab Emirates, United States.",http://www.ethnologue.com/show_language.asp?code=dan
Look up the countries that a language is spoken in,Look up a language on the ethnologue web site and click on the countries it is spoken in,"data, languages, countries, enthnologue, research",indonesian,singapore|philippines|unitedstates|netherlands|saudiarabia,indonesia,"Widespread in Indonesia. Also in Netherlands, Philippines, Saudi Arabia, Singapore, United States.",http://www.ethnologue.com/show_language.asp?code=ind
Look up the countries that a language is spoken in,Look up a language on the ethnologue web site and click on the countries it is spoken in,"data, languages, countries, enthnologue, research",indonesian,singapore|philippines|unitedstates|netherlands|saudiarabia|indonesia,indonesia,"Widespread in Indonesia. Also in Netherlands, Philippines, Saudi Arabia, Singapore, United States.",http://www.ethnologue.com/show_language.asp?code=ind
Look up the countries that a language is spoken in,Look up a language on the ethnologue web site and click on the countries it is spoken in,"data, languages, countries, enthnologue, research",indonesian,singapore|philippines|unitedstates|netherlands|saudiarabia,indonesia,"Widespread in Indonesia. Also in Netherlands, Philippines, Saudi Arabia, Singapore, United States.",http://www.ethnologue.com/show_language.asp?code=ind
Look up the countries that a language is spoken in,Look up a language on the ethnologue web site and click on the countries it is spoken in,"data, languages, countries, enthnologue, research",telugu,singapore|canada|uae|malaysia|southafrica|unitedstates|mauritius|bahrain|other|india,india,"Andhra Pradesh and neighboring states. Also in Bahrain, Canada, Fiji, Malaysia (Peninsular), Mauritius, Singapore, South Africa, United Arab Emirates, United States.",http://www.ethnologue.com/show_language.asp?code=tel
Look up the countries that a language is spoken in,Look up a language on the ethnologue web site and click on the countries it is spoken in,"data, languages, countries, enthnologue, research",telugu,singapore|canada|uae|malaysia|southafrica|unitedstates|mauritius|bahrain,india,"Andhra Pradesh and neighboring states. Also in Bahrain, Canada, Fiji, Malaysia (Peninsular), Mauritius, Singapore, South Africa, United Arab Emirates, United States.",http://www.ethnologue.com/show_language.asp?code=tel
Look up the countries that a language is spoken in,Look up a language on the ethnologue web site and click on the countries it is spoken in,"data, languages, countries, enthnologue, research",telugu,singapore|canada|uae|malaysia|southafrica|unitedstates|mauritius|bahrain|other,india,"Andhra Pradesh and neighboring states. Also in Bahrain, Canada, Fiji, Malaysia (Peninsular), Mauritius, Singapore, South Africa, United Arab Emirates, United States.",http://www.ethnologue.com/show_language.asp?code=tel
Look up the countries that a language is spoken in,Look up a language on the ethnologue web site and click on the countries it is spoken in,"data, languages, countries, enthnologue, research",amharic,israel|unitedstates|sweden|egypt|other,ethiopia,"North central, Amhara region; Addis Ababa. Also in Djibouti, Egypt, Israel, Sweden, United States.",http://www.ethnologue.com/show_language.asp?code=amh
Look up the countries that a language is spoken in,Look up a language on the ethnologue web site and click on the countries it is spoken in,"data, languages, countries, enthnologue, research",amharic,israel|unitedstates|sweden|egypt|other,ethiopia,"North central, Amhara region; Addis Ababa. Also in Djibouti, Egypt, Israel, Sweden, United States",http://www.ethnologue.com/show_language.asp?code=amh
Look up the countries that a language is spoken in,Look up a language on the ethnologue web site and click on the countries it is spoken in,"data, languages, countries, enthnologue, research",amharic,israel|unitedstates|sweden|egypt|other,ethiopia,"North central, Amhara region; Addis Ababa. Also in Djibouti, Egypt, Israel, Sweden, United States.",http://www.ethnologue.com/show_language.asp?code=amh
Look up the countries that a language is spoken in,Look up a language on the ethnologue web site and click on the countries it is spoken in,"data, languages, countries, enthnologue, research",cebuano,unitedstates|other,philippines,"Negros, Cebu, Bohol, Visayas and parts of Mindanao. Also in United States.",http://www.ethnologue.com/show_language.asp?code=ceb
Look up the countries that a language is spoken in,Look up a language on the ethnologue web site and click on the countries it is spoken in,"data, languages, countries, enthnologue, research",cebuano,philippines,philippines,The religious affiliations of the speakers of the language are given where known. These are generally listed in descending order of number of adherents,http://www.ethnologue.com/show_language.asp?code=ceb
Look up the countries that a language is spoken in,Look up a language on the ethnologue web site and click on the countries it is spoken in,"data, languages, countries, enthnologue, research",cebuano,unitedstates,philippines,"Negros, Cebu, Bohol, Visayas and parts of Mindanao. Also in United States.",http://www.ethnologue.com/show_language.asp?code=ceb
Look up the countries that a language is spoken in,Look up a language on the ethnologue web site and click on the countries it is spoken in,"data, languages, countries, enthnologue, research",hindi,singapore|canada|uae|germany|uk|philippines|southafrica|unitedstates|kenya|bangladesh|yemen|nepal|zambia|india|newzealand,india,"Throughout north India: Delhi; Uttar Pradesh; Uttarakhand; Rajasthan; Punjab; Madhya Pradesh; northern Bihar; Himachal Pradesh. Also in Bangladesh, Belize, Bhutan, Botswana, Canada, Djibouti, Germany, Kenya, Nepal, New Zealand, Philippines, Singapore, South Africa, Uganda, United Arab Emirates, United Kingdom, United States, Yemen, Zambia.",http://www.ethnologue.com/show_language.asp?code=hin
Look up the countries that a language is spoken in,Look up a language on the ethnologue web site and click on the countries it is spoken in,"data, languages, countries, enthnologue, research",hindi,singapore|canada|uae|germany|philippines|southafrica|unitedstates|kenya|bangladesh|yemen|nepal|zambia|other|india|newzealand,india,"Throughout north India: Delhi; Uttar Pradesh; Uttarakhand; Rajasthan; Punjab; Madhya Pradesh; northern Bihar; Himachal Pradesh. Also in Bangladesh, Belize, Bhutan, Botswana, Canada, Djibouti, Germany, Kenya, Nepal, New Zealand, Philippines, Singapore, South Africa, Uganda, United Arab Emirates, United Kingdom, United States, Yemen, Zambia.",http://www.ethnologue.com/show_language.asp?code=hin
Look up the countries that a language is spoken in,Look up a language on the ethnologue web site and click on the countries it is spoken in,"data, languages, countries, enthnologue, research",hindi,singapore|canada|uae|germany|uk|philippines|southafrica|unitedstates|kenya|bangladesh|yemen|nepal|zambia|other|newzealand,india,"Throughout north India: Delhi; Uttar Pradesh; Uttarakhand; Rajasthan; Punjab; Madhya Pradesh; northern Bihar; Himachal Pradesh. Also in Bangladesh, Belize, Bhutan, Botswana, Canada, Djibouti, Germany, Kenya, Nepal, New Zealand, Philippines, Singapore, South Africa, Uganda, United Arab Emirates, United Kingdom, United States, Yemen, Zambia.",http://www.ethnologue.com/show_language.asp?code=hin
Look up the countries that a language is spoken in,Look up a language on the ethnologue web site and click on the countries it is spoken in,"data, languages, countries, enthnologue, research",gujarati,oman|singapore|canada|pakistan|uk|southafrica|unitedstates|mauritius|kenya|bangladesh|other|tanzania,india,"Gujarat; Maharashtra; Rajasthan; Karnataka; Madhya Pradesh. Also in Bangladesh, Botswana, Canada, Fiji, Kenya, Malawi, Mauritius, Mozambique, Oman, Pakistan, Réunion, Singapore, South Africa, Tanzania, Uganda, United Kingdom, United States, Zambia, Zimbabwe.",http://www.ethnologue.com/show_language.asp?code=guj
Look up the countries that a language is spoken in,Look up a language on the ethnologue web site and click on the countries it is spoken in,"data, languages, countries, enthnologue, research",gujarati,oman|singapore|canada|pakistan|uk|southafrica|unitedstates|mauritius|kenya|bangladesh|zambia|other|tanzania,india,"Gujarat; Maharashtra; Rajasthan; Karnataka; Madhya Pradesh. Also in Bangladesh, Botswana, Canada, Fiji, Kenya, Malawi, Mauritius, Mozambique, Oman, Pakistan, Réunion, Singapore, South Africa, Tanzania, Uganda, United Kingdom, United States, Zambia, Zimbabwe.",http://www.ethnologue.com/show_language.asp?code=guj
Look up the countries that a language is spoken in,Look up a language on the ethnologue web site and click on the countries it is spoken in,"data, languages, countries, enthnologue, research",gujarati,oman|singapore|canada|pakistan|uk|southafrica|unitedstates|mauritius|kenya|bangladesh|zambia|india|tanzania,india,"Gujarat; Maharashtra; Rajasthan; Karnataka; Madhya Pradesh. Also in Bangladesh, Botswana, Canada, Fiji, Kenya, Malawi, Mauritius, Mozambique, Oman, Pakistan, Réunion, Singapore, South Africa, Tanzania, Uganda, United Kingdom, United States, Zambia, Zimbabwe.",http://www.ethnologue.com/show_language.asp?code=guj
Look up the countries that a language is spoken in,Look up a language on the ethnologue web site and click on the countries it is spoken in,"data, languages, countries, enthnologue, research",russian,bulgaria|finland|norway|serbia|canada|georgia|israel|slovakia|uae|germany|armenia|china|greece|ukraine|poland|uruguay|croatia|kazakhstan|czechrepublic|moldova|belarus|romania|latvia|other|estonia|lithuania,russianfederation,"Also in Armenia, Azerbaijan, Belarus, Bulgaria, Canada, China, Croatia, Czech Republic, Estonia, Finland, Georgia, Germany, Greece, Israel, Kazakhstan, Kyrgyzstan, Latvia, Lithuania, Moldova, Mongolia, Mozambique, Norway, Poland, Romania, Serbia, Slovakia, Tajikistan, Turkmenistan, Ukraine, United States, Uruguay, Uzbekistan.",http://www.ethnologue.com/show_language.asp?code=rus
Look up the countries that a language is spoken in,Look up a language on the ethnologue web site and click on the countries it is spoken in,"data, languages, countries, enthnologue, research",russian,bulgaria|finland|norway|serbia|canada|georgia|israel|slovakia|germany|armenia|china|greece|ukraine|unitedstates|poland|uruguay|kazakhstan|uzbekistan|czechrepublic|moldova|romania|latvia|other|estonia|lithuania,russianfederation,"Armenia, Azerbaijan, Belarus, Bulgaria, Canada, China, Croatia, Czech Republic, Estonia, Finland, Georgia, Germany, Greece, Israel, Kazakhstan, Kyrgyzstan, Latvia, Lithuania, Moldova, Mongolia, Mozambique, Norway, Poland, Romania, Serbia, Slovakia, Tajikistan, Turkmenistan, Ukraine, United States, Uruguay, Uzbekistan.",http://www.ethnologue.com/show_language.asp?code=rus
Look up the countries that a language is spoken in,Look up a language on the ethnologue web site and click on the countries it is spoken in,"data, languages, countries, enthnologue, research",russian,bulgaria|finland|norway|serbia|turkey|canada|georgia|israel|slovakia|germany|armenia|china|greece|ukraine|unitedstates|poland|uruguay|croatia|kazakhstan|uzbekistan|czechrepublic|moldova|belarus|romania|latvia|estonia|lithuania,russianfederation,"Also in Armenia, Azerbaijan, Belarus, Bulgaria, Canada, China, Croatia, Czech Republic, Estonia, Finland, Georgia, Germany, Greece, Israel, Kazakhstan, Kyrgyzstan, Latvia, Lithuania, Moldova, Mongolia, Mozambique, Norway, Poland, Romania, Serbia, Slovakia, Tajikistan, Turkmenistan, Ukraine, United States, Uruguay, Uzbekistan.",http://www.ethnologue.com/show_language.asp?code=rus
Look up the countries that a language is spoken in,Look up a language on the ethnologue web site and click on the countries it is spoken in,"data, languages, countries, enthnologue, research",croatian,serbia|canada|slovakia|chile|germany|italy|unitedstates|bosniaandherzegovina|hungary|bosnia|other,croatia,"Also in Austria, Bosnia and Herzegovina, Canada, Chile, Czech Republic, Germany, Hungary, Italy, Montenegro, Serbia, Slovakia, Slovenia, United States.",http://www.ethnologue.com/show_language.asp?code=hrv
Look up the countries that a language is spoken in,Look up a language on the ethnologue web site and click on the countries it is spoken in,"data, languages, countries, enthnologue, research",croatian,serbia|canada|slovakia|chile|germany|italy|slovenia|unitedstates|austria|czechrepublic|bosniaandherzegovina|hungary|bosnia|other,croatia,"Also in Austria, Bosnia and Herzegovina, Canada, Chile, Czech Republic, Germany, Hungary, Italy, Montenegro, Serbia, Slovakia, Slovenia, United States.",http://www.ethnologue.com/show_language.asp?code=hrv
Look up the countries that a language is spoken in,Look up a language on the ethnologue web site and click on the countries it is spoken in,"data, languages, countries, enthnologue, research",croatian,serbia|canada|slovakia|chile|germany|italy|slovenia|unitedstates|austria|czechrepublic|other,croatia,"Also in Austria, Bosnia and Herzegovina, Canada, Chile, Czech Republic, Germany, Hungary, Italy, Montenegro, Serbia, Slovakia, Slovenia, United States.",http://www.ethnologue.com/show_language.asp?code=hrv
Look up the countries that a language is spoken in,Look up a language on the ethnologue web site and click on the countries it is spoken in,"data, languages, countries, enthnologue, research",aromanian,albania|bulgaria|serbia|macedonia|macedoniatheformeryugoslavrepublicof|bosniaandherzegovina|romania|bosnia|other,other,"North, Northwest Salonika, Pindus Mountains, Trikala area. Also in Albania, Bosnia and Herzegovina, Bulgaria, Macedonia, Romania, Serbia.",http://www.ethnologue.com/show_language.asp?code=rup
Look up the countries that a language is spoken in,Look up a language on the ethnologue web site and click on the countries it is spoken in,"data, languages, countries, enthnologue, research",aromanian,albania|bulgaria|serbia|macedonia|greece|bosniaandherzegovina|romania|bosnia,greece,"North, Northwest Salonika, Pindus Mountains, Trikala area. Also in Albania, Bosnia and Herzegovina, Bulgaria, Macedonia, Romania, Serbia.",http://www.ethnologue.com/show_language.asp?code=rup
Look up the countries that a language is spoken in,Look up a language on the ethnologue web site and click on the countries it is spoken in,"data, languages, countries, enthnologue, research",aromanian,albania|bulgaria|serbia|macedoniatheformeryugoslavrepublicof|bosniaandherzegovina|romania|bosnia|other,greece,"North, Northwest Salonika, Pindus Mountains, Trikala area. Also in Albania, Bosnia and Herzegovina, Bulgaria, Macedonia, Romania, Serbia.",http://www.ethnologue.com/show_language.asp?code=rup
Look up the countries that a language is spoken in,Look up a language on the ethnologue web site and click on the countries it is spoken in,"data, languages, countries, enthnologue, research",kazakh,iran|turkey|germany|china|ukraine|unitedstates|kazakhstan|uzbekistan|russianfederation|other,kazakhstan,"Kazakhstan, northern Soviet Middle Asia into western Siberia. Also in Afghanistan, China, Germany, Iran, Kyrgyzstan, Mongolia, Russian Federation (Asia), Tajikistan, Turkey (Asia), Turkmenistan, Ukraine, United States, Uzbekistan.",http://www.ethnologue.com/show_language.asp?code=kaz
Look up the countries that a language is spoken in,Look up a language on the ethnologue web site and click on the countries it is spoken in,"data, languages, countries, enthnologue, research",kazakh,iran|turkey|germany|china|ukraine|unitedstates|uzbekistan|russianfederation,kazakhstan,"Kazakhstan, northern Soviet Middle Asia into western Siberia. Also in Afghanistan, China, Germany, Iran, Kyrgyzstan, Mongolia, Russian Federation (Asia), Tajikistan, Turkey (Asia), Turkmenistan, Ukraine, United States, Uzbekistan.",http://www.ethnologue.com/show_language.asp?code=kaz
Look up the countries that a language is spoken in,Look up a language on the ethnologue web site and click on the countries it is spoken in,"data, languages, countries, enthnologue, research",kazakh,iran|turkey|germany|ukraine|unitedstates|uzbekistan|russianfederation,kazakhstan,"Kazakhstan, northern Soviet Middle Asia into western Siberia. Also in Afghanistan, China, Germany, Iran, Kyrgyzstan, Mongolia, Russian Federation (Asia), Tajikistan, Turkey (Asia), Turkmenistan, Ukraine, United States, Uzbekistan",http://www.ethnologue.com/show_language.asp?code=kaz
Look up the countries that a language is spoken in,Look up a language on the ethnologue web site and click on the countries it is spoken in,"data, languages, countries, enthnologue, research",hebrew,canada|germany|panama|uk|unitedstates|australia|other,israel,"Also in Australia, Canada, Germany, Palestinian West Bank and Gaza, Panama, United Kingdom, United States.",http://www.ethnologue.com/show_language.asp?code=heb
Look up the countries that a language is spoken in,Look up a language on the ethnologue web site and click on the countries it is spoken in,"data, languages, countries, enthnologue, research",hebrew,canada|germany|panama|uk|unitedstates|australia|other,israel,"Also in Australia, Canada, Germany, Palestinian West Bank and Gaza, Panama, United Kingdom, United States.",http://www.ethnologue.com/show_language.asp?code=heb
Look up the countries that a language is spoken in,Look up a language on the ethnologue web site and click on the countries it is spoken in,"data, languages, countries, enthnologue, research",hebrew,canada|germany|panama|uk|unitedstates|australia,israel,"Australia, Canada, Germany, Palestinian West Bank and Gaza, Panama, United Kingdom, United States",http://www.ethnologue.com/show_language.asp?code=heb
Look up the countries that a language is spoken in,Look up a language on the ethnologue web site and click on the countries it is spoken in,"data, languages, countries, enthnologue, research",central_bicolano,philippines,philippines,"Luzon, Camarines Norte and Sur, south Catanduanes, north Sorsogon, Albay. Naga City and Legaspi City are centers.",http://www.ethnologue.com/show_language.asp?code=bcl
Look up the countries that a language is spoken in,Look up a language on the ethnologue web site and click on the countries it is spoken in,"data, languages, countries, enthnologue, research",central_bicolano,other,philippines,,http://www.ethnologue.com/show_country.asp?name=PH
Look up the countries that a language is spoken in,Look up a language on the ethnologue web site and click on the countries it is spoken in,"data, languages, countries, enthnologue, research",central_bicolano,philippines|other,philippines,"Region  	Luzon, Camarines Norte and Sur, south Catanduanes, north Sorsogon, Albay. Naga City and Legaspi City are centers.",http://www.ethnologue.com/show_language.asp?code=bcl
Look up the countries that a language is spoken in,Look up a language on the ethnologue web site and click on the countries it is spoken in,"data, languages, countries, enthnologue, research",persian,france|oman|turkey|canada|israel|uae|germany|uk|greece|unitedstates|australia|spain|uzbekistan|bahrain|denmark|sweden|netherlands|other|india|saudiarabia,other,"Widespread. Most concentrated in central, south central, and northeast. Also in Australia, Austria, Azerbaijan, Bahrain, Canada, Denmark, France, Germany, Greece, India, Iraq, Israel, Netherlands, Oman, Qatar, Saudi Arabia, Spain, Sweden, Syria, Tajikistan, Turkey (Asia), Turkmenistan, United Arab Emirates, United Kingdom, United States, Uzbekistan.",http://www.ethnologue.com/show_language.asp?code=pes
Look up the countries that a language is spoken in,Look up a language on the ethnologue web site and click on the countries it is spoken in,"data, languages, countries, enthnologue, research",persian,iran,iran,A macrolanguage of Iran,http://www.ethnologue.com/show_language.asp?code=fas
Look up the countries that a language is spoken in,Look up a language on the ethnologue web site and click on the countries it is spoken in,"data, languages, countries, enthnologue, research",persian,iran,iran,,http://www.ethnologue.com/show_language.asp?code=psc
Look up the countries that a language is spoken in,Look up a language on the ethnologue web site and click on the countries it is spoken in,"data, languages, countries, enthnologue, research",macedonian,albania|bulgaria|serbia|canada|slovenia|greece|unitedstates|croatia,macedoniatheformeryugoslavrepublicof,"North: Kumanovo-Kratovo region; Southeast: Gevgelija, Strumica, and Lake Dojran areas; West: Veles, Prilep, Kichevo, Bitola region, and Debar-Galchnik region. Also in Albania, Bulgaria, Canada, Croatia, Greece, Serbia, Slovenia, United States.",http://www.ethnologue.com/show_language.asp?code=mkd
Look up the countries that a language is spoken in,Look up a language on the ethnologue web site and click on the countries it is spoken in,"data, languages, countries, enthnologue, research",macedonian,albania|bulgaria|serbia|canada|slovenia|greece|unitedstates|croatia,macedonia,"North: Kumanovo-Kratovo region; Southeast: Gevgelija, Strumica, and Lake Dojran areas; West: Veles, Prilep, Kichevo, Bitola region, and Debar-Galchnik region. Also in Albania, Bulgaria, Canada, Croatia, Greece, Serbia, Slovenia, United States.",http://www.ethnologue.com/show_language.asp?code=mkd
Look up the countries that a language is spoken in,Look up a language on the ethnologue web site and click on the countries it is spoken in,"data, languages, countries, enthnologue, research",macedonian,albania|bulgaria|serbia|canada|slovenia|greece|unitedstates|croatia,macedonia,"North: Kumanovo-Kratovo region; Southeast: Gevgelija, Strumica, and Lake Dojran areas; West: Veles, Prilep, Kichevo, Bitola region, and Debar-Galchnik region. Also in Albania, Bulgaria, Canada, Croatia, Greece, Serbia, Slovenia, United States.",http://www.ethnologue.com/show_language.asp?code=mkd
Look up the countries that a language is spoken in,Look up a language on the ethnologue web site and click on the countries it is spoken in,"data, languages, countries, enthnologue, research",tamil,singapore|canada|germany|uk|malaysia|southafrica|unitedstates|mauritius|srilanka|bahrain|qatar|netherlands|other|thailand,india,"Tamil Nadu and neighboring states. Also in Bahrain, Canada, Fiji, Germany, Malaysia (Peninsular), Mauritius, Netherlands, Qatar, Réunion, Singapore, South Africa, Sri Lanka, Thailand, United Arab Emirates, United Kingdom, United States.",http://www.ethnologue.com/show_language.asp?code=tam
Look up the countries that a language is spoken in,Look up a language on the ethnologue web site and click on the countries it is spoken in,"data, languages, countries, enthnologue, research",tamil,singapore|canada|uae|germany|uk|malaysia|unitedstates|srilanka|bahrain|netherlands|other|thailand,india,"Tamil Nadu and neighboring states. Also in Bahrain, Canada, Fiji, Germany, Malaysia (Peninsular), Mauritius, Netherlands, Qatar, Réunion, Singapore, South Africa, Sri Lanka, Thailand, United Arab Emirates, United Kingdom, United States.",http://www.ethnologue.com/show_language.asp?code=tam
Look up the countries that a language is spoken in,Look up a language on the ethnologue web site and click on the countries it is spoken in,"data, languages, countries, enthnologue, research",tamil,singapore|canada|germany|uk|malaysia|southafrica|unitedstates|mauritius|srilanka|bahrain|qatar|netherlands|other|thailand,india,"Tamil Nadu and neighboring states. Also in Bahrain, Canada, Fiji, Germany, Malaysia (Peninsular), Mauritius, Netherlands, Qatar, Réunion, Singapore, South Africa, Sri Lanka, Thailand, United Arab Emirates, United Kingdom, United States.",http://www.ethnologue.com/show_language.asp?code=tam
Look up the countries that a language is spoken in,Look up a language on the ethnologue web site and click on the countries it is spoken in,"data, languages, countries, enthnologue, research",newar / nepal bhasa,nepal|india,nepal,Widespread. Kathmandu Valley and thoughout Nepal. Fewer far west. Also in India.,http://www.ethnologue.com/show_language.asp?code=new
Look up the countries that a language is spoken in,Look up a language on the ethnologue web site and click on the countries it is spoken in,"data, languages, countries, enthnologue, research",newar / nepal bhasa,other|india,nepal,Widespread. Kathmandu Valley and thoughout Nepal. Fewer far west. Also in India.,http://www.ethnologue.com/show_language.asp?code=new
Look up the countries that a language is spoken in,Look up a language on the ethnologue web site and click on the countries it is spoken in,"data, languages, countries, enthnologue, research",newar / nepal bhasa,nepal|other|india,albania,Widespread. Kathmandu Valley and thoughout Nepal. Fewer far west. Also in India.,http://www.ethnologue.com/show_language.asp?code=new
Look up the countries that a language is spoken in,Look up a language on the ethnologue web site and click on the countries it is spoken in,"data, languages, countries, enthnologue, research",armenian,bulgaria|iran|france|turkey|canada|georgia|israel|greece|ukraine|unitedstates|jordan|kazakhstan|uzbekistan|cyprus|romania|hungary|egypt|lebanon|russianfederation|other|estonia|india,armenia,"Widespread. Also in Azerbaijan, Bulgaria, Canada, Cyprus, Egypt, Estonia, France, Georgia, Greece, Honduras, Hungary, India, Iran, Iraq, Israel, Jordan, Kazakhstan, Kyrgyzstan, Lebanon, Palestinian West Bank and Gaza, Romania, Russian Federation (Europe), Syria, Tajikistan, Turkey (Europe), Turkmenistan, Ukraine, United States, Uzbekistan.",http://www.ethnologue.com/show_language.asp?code=hye
Look up the countries that a language is spoken in,Look up a language on the ethnologue web site and click on the countries it is spoken in,"data, languages, countries, enthnologue, research",armenian,bulgaria|iran|france|turkey|canada|georgia|israel|greece|ukraine|unitedstates|jordan|kazakhstan|uzbekistan|cyprus|hungary|egypt|lebanon|russianfederation|estonia|india,armenia,"Widespread. Also in Azerbaijan, Bulgaria, Canada, Cyprus, Egypt, Estonia, France, Georgia, Greece, Honduras, Hungary, India, Iran, Iraq, Israel, Jordan, Kazakhstan, Kyrgyzstan, Lebanon, Palestinian West Bank and Gaza, Romania, Russian Federation (Europe), Syria, Tajikistan, Turkey (Europe), Turkmenistan, Ukraine, United States, Uzbekistan.",http://www.ethnologue.com/show_language.asp?code=hye
Look up the countries that a language is spoken in,Look up a language on the ethnologue web site and click on the countries it is spoken in,"data, languages, countries, enthnologue, research",armenian,bulgaria|iran|france|turkey|canada|georgia|israel|greece|ukraine|japan|unitedstates|kazakhstan|uzbekistan|cyprus|romania|hungary|egypt|lebanon|russianfederation|estonia|india,armenia,"Widespread. Also in Azerbaijan, Bulgaria, Canada, Cyprus, Egypt, Estonia, France, Georgia, Greece, Honduras, Hungary, India, Iran, Iraq, Israel, Jordan, Kazakhstan, Kyrgyzstan, Lebanon, Palestinian West Bank and Gaza, Romania, Russian Federation (Europe), Syria, Tajikistan, Turkey (Europe), Turkmenistan, Ukraine, United States, Uzbekistan.",http://www.ethnologue.com/show_language.asp?code=hye
Look up the countries that a language is spoken in,Look up a language on the ethnologue web site and click on the countries it is spoken in,"data, languages, countries, enthnologue, research",albanian,albania|bulgaria|macedonia|macedoniatheformeryugoslavrepublicof|slovenia|unitedstates|czechrepublic|romania,serbia,"Kosovo. Also in Albania, Bulgaria, Czech Republic, Macedonia, Montenegro, Romania, Slovenia, United States.",http://www.ethnologue.com/show_language.asp?code=aln
Look up the countries that a language is spoken in,Look up a language on the ethnologue web site and click on the countries it is spoken in,"data, languages, countries, enthnologue, research",albanian,turkey|germany|greece|ukraine|unitedstates|croatia|sweden|belgium|egypt,albania,"Mainly south to Shkumbi River. Also in Belgium, Croatia, Egypt, Germany, Greece, Sweden, Turkey (Europe), Ukraine, United States.",http://www.ethnologue.com/show_language.asp?code=als
Look up the countries that a language is spoken in,Look up a language on the ethnologue web site and click on the countries it is spoken in,"data, languages, countries, enthnologue, research",albanian,turkey|germany|greece|ukraine|unitedstates|croatia|sweden|belgium|egypt,albania,"Mainly south to Shkumbi River. Also in Belgium, Croatia, Egypt, Germany, Greece, Sweden, Turkey (Europe), Ukraine, United States.",http://www.ethnologue.com/show_language.asp?code=als
Look up the countries that a language is spoken in,Look up a language on the ethnologue web site and click on the countries it is spoken in,"data, languages, countries, enthnologue, research",chuvash,kazakhstan|uzbekistan|other|estonia,russianfederation,"Chuvashia, east of Moscow, near Volga River. About half live in towns (1995). Also in Estonia, Kazakhstan, Kyrgyzstan, Uzbekistan.",http://www.ethnologue.com/show_language.asp?code=chv
Look up the countries that a language is spoken in,Look up a language on the ethnologue web site and click on the countries it is spoken in,"data, languages, countries, enthnologue, research",chuvash,kazakhstan|uzbekistan|other|estonia,russianfederation,"Chuvashia, east of Moscow, near Volga River. About half live in towns (1995). Also in Estonia, Kazakhstan, Kyrgyzstan, Uzbekistan.",http://www.ethnologue.com/show_language.asp?code=chv
Look up the countries that a language is spoken in,Look up a language on the ethnologue web site and click on the countries it is spoken in,"data, languages, countries, enthnologue, research",chuvash,kazakhstan|uzbekistan|russia|russianfederation|estonia,russianfederation,"Chuvashia, east of Moscow, near Volga River. About half live in towns (1995). Also in Estonia, Kazakhstan, Kyrgyzstan, Uzbekistan",http://www.ethnologue.com/show_language.asp?code=chv
,,,,,,,
,,,,,,,
,,,,,,,
,,,,,,,
,,,,,,,
,,,,,,,
,,,,,,,
,,,,,,,
,,,,,,,
,,,,,,,
,,,,,,,
,,,,,,,
,,,,,,,
,,,,,,,
,,,,,,,
,,,,,,,
,,,,,,,
,,,,,,,
,,,,,,,
,,,,,,,
,,,,,,,
,,,,,,,
,,,,,,,
,,,,,,,
,,,,,,,
,,,,,,,
,,,,,,,
,,,,,,,
,,,,,,,
,,,,,,,
,,,,,,,
,,,,,,,
,,,,,,,
,,,,,,,
,,,,,,,
,,,,,,,
,,,,,,,
,,,,,,,
,,,,,,,
,,,,,,,
,,,,,,,
,,,,,,,
,,,,,,,
,,,,,,,
,,,,,,,
,,,,,,,
,,,,,,,
,,,,,,,
,,,,,,,
,,,,,,,
,,,,,,,
,,,,,,,
,,,,,,,
,,,,,,,
,,,,,,,
,,,,,,,
,,,,,,,
,,,,,,,
,,,,,,,
,,,,,,,
,,,,,,,
,,,,,,,
,,,,,,,
,,,,,,,
,,,,,,,
,,,,,,,
,,,,,,,
,,,,,,,
,,,,,,,
,,,,,,,
,,,,,,,
,,,,,,,
,,,,,,,
,,,,,,,
,,,,,,,
,,,,,,,
,,,,,,,
,,,,,,,
,,,,,,,
,,,,,,,
,,,,,,,
,,,,,,,
,,,,,,,
,,,,,,,
,,,,,,,
,,,,,,,
,,,,,,,
,,,,,,,
,,,,,,,
,,,,,,,
,,,,,,,
,,,,,,,
,,,,,,,
,,,,,,,
,,,,,,,
,,,,,,,
,,,,,,,
,,,,,,,
,,,,,,,
,,,,,,,
,,,,,,,
,,,,,,,
,,,,,,,
,,,,,,,
,,,,,,,
,,,,,,,
,,,,,,,
,,,,,,,
,,,,,,,
,,,,,,,
,,,,,,,
,,,,,,,
,,,,,,,
,,,,,,,
,,,,,,,
,,,,,,,
,,,,,,,
,,,,,,,
,,,,,,,
,,,,,,,
,,,,,,,
,,,,,,,
,,,,,,,
,,,,,,,
,,,,,,,
,,,,,,,
,,,,,,,
,,,,,,,
,,,,,,,
,,,,,,,
,,,,,,,
,,,,,,,
,,,,,,,
,,,,,,,
,,,,,,,
,,,,,,,
,,,,,,,
,,,,,,,
,,,,,,,
,,,,,,,
,,,,,,,
,,,,,,,
,,,,,,,
,,,,,,,
,,,,,,,
,,,,,,,
,,,,,,,
,,,,,,,
,,,,,,,
,,,,,,,
,,,,,,,
,,,,,,,
,,,,,,,
,,,,,,,
,,,,,,,
,,,,,,,
,,,,,,,
,,,,,,,
,,,,,,,
,,,,,,,
,,,,,,,
,,,,,,,
,,,,,,,
,,,,,,,
,,,,,,,
,,,,,,,
,,,,,,,
,,,,,,,
,,,,,,,
,,,,,,,
,,,,,,,
,,,,,,,
,,,,,,,
,,,,,,,
,,,,,,,
,,,,,,,
,,,,,,,
,,,,,,,
,,,,,,,
,,,,,,,
,,,,,,,
,,,,,,,
,,,,,,,
,,,,,,,
,,,,,,,
,,,,,,,
,,,,,,,
,,,,,,,
,,,,,,,
,,,,,,,
,,,,,,,
,,,,,,,
,,,,,,,
,,,,,,,
,,,,,,,
,,,,,,,
,,,,,,,
,,,,,,,
,,,,,,,
,,,,,,,
,,,,,,,
,,,,,,,
,,,,,,,
,,,,,,,
,,,,,,,
,,,,,,,
,,,,,,,
,,,,,,,
,,,,,,,
,,,,,,,
,,,,,,,
,,,,,,,
,,,,,,,
,,,,,,,
,,,,,,,
,,,,,,,
,,,,,,,
,,,,,,,
,,,,,,,
,,,,,,,
,,,,,,,
,,,,,,,
,,,,,,,
,,,,,,,
,,,,,,,
,,,,,,,
,,,,,,,
,,,,,,,
,,,,,,,
,,,,,,,
,,,,,,,
,,,,,,,
,,,,,,,
,,,,,,,
,,,,,,,
,,,,,,,
,,,,,,,
,,,,,,,
,,,,,,,
,,,,,,,
,,,,,,,
,,,,,,,
,,,,,,,
,,,,,,,
,,,,,,,
,,,,,,,
,,,,,,,
,,,,,,,
,,,,,,,
,,,,,,,
,,,,,,,
,,,,,,,
,,,,,,,
,,,,,,,
,,,,,,,
,,,,,,,
,,,,,,,
,,,,,,,
,,,,,,,
,,,,,,,
,,,,,,,
,,,,,,,
,,,,,,,
,,,,,,,
,,,,,,,
,,,,,,,
,,,,,,,
,,,,,,,
,,,,,,,
,,,,,,,
,,,,,,,
,,,,,,,
,,,,,,,
,,,,,,,
,,,,,,,
,,,,,,,
,,,,,,,
,,,,,,,
,,,,,,,
,,,,,,,
,,,,,,,
,,,,,,,
,,,,,,,
,,,,,,,
,,,,,,,
,,,,,,,
,,,,,,,
,,,,,,,
,,,,,,,
,,,,,,,
,,,,,,,
,,,,,,,
,,,,,,,
,,,,,,,
,,,,,,,
,,,,,,,
,,,,,,,
,,,,,,,
,,,,,,,
,,,,,,,
,,,,,,,
,,,,,,,
,,,,,,,
,,,,,,,
,,,,,,,
,,,,,,,
,,,,,,,
,,,,,,,
,,,,,,,
,,,,,,,
,,,,,,,
,,,,,,,
,,,,,,,
,,,,,,,
,,,,,,,
,,,,,,,
,,,,,,,
,,,,,,,
,,,,,,,
,,,,,,,
,,,,,,,
,,,,,,,
,,,,,,,
,,,,,,,
,,,,,,,
,,,,,,,
,,,,,,,
,,,,,,,
,,,,,,,
,,,,,,,
,,,,,,,
,,,,,,,
,,,,,,,
,,,,,,,
,,,,,,,
,,,,,,,
,,,,,,,
,,,,,,,
,,,,,,,
,,,,,,,
,,,,,,,
,,,,,,,
,,,,,,,
,,,,,,,
,,,,,,,
,,,,,,,
,,,,,,,
,,,,,,,
,,,,,,,
,,,,,,,
,,,,,,,
,,,,,,,
,,,,,,,
,,,,,,,
,,,,,,,
,,,,,,,
,,,,,,,
,,,,,,,
,,,,,,,
,,,,,,,
,,,,,,,
,,,,,,,
,,,,,,,
,,,,,,,
,,,,,,,
,,,,,,,
,,,,,,,
,,,,,,,
,,,,,,,
,,,,,,,
,,,,,,,
,,,,,,,
,,,,,,,
,,,,,,,
,,,,,,,
,,,,,,,
,,,,,,,
,,,,,,,
,,,,,,,
,,,,,,,
,,,,,,,
,,,,,,,
,,,,,,,
,,,,,,,
,,,,,,,
,,,,,,,
,,,,,,,
,,,,,,,
,,,,,,,
,,,,,,,
,,,,,,,
,,,,,,,
,,,,,,,
,,,,,,,
,,,,,,,
,,,,,,,
,,,,,,,
,,,,,,,
,,,,,,,
,,,,,,,
,,,,,,,
,,,,,,,
,,,,,,,
,,,,,,,
,,,,,,,
,,,,,,,
,,,,,,,
,,,,,,,
,,,,,,,
,,,,,,,
,,,,,,,
,,,,,,,
,,,,,,,
,,,,,,,
,,,,,,,
,,,,,,,
,,,,,,,
,,,,,,,
,,,,,,,
,,,,,,,
,,,,,,,
,,,,,,,
,,,,,,,
,,,,,,,
,,,,,,,
,,,,,,,
,,,,,,,
,,,,,,,
,,,,,,,
,,,,,,,
,,,,,,,
,,,,,,,
,,,,,,,
,,,,,,,
,,,,,,,
,,,,,,,
,,,,,,,
,,,,,,,
,,,,,,,
,,,,,,,
,,,,,,,
,,,,,,,
,,,,,,,
,,,,,,,
,,,,,,,
,,,,,,,
,,,,,,,
,,,,,,,
,,,,,,,
,,,,,,,
,,,,,,,
,,,,,,,
,,,,,,,
,,,,,,,
,,,,,,,
,,,,,,,
,,,,,,,
,,,,,,,
,,,,,,,
,,,,,,,
,,,,,,,
,,,,,,,
,,,,,,,
,,,,,,,
,,,,,,,
,,,,,,,
,,,,,,,
,,,,,,,
,,,,,,,
,,,,,,,
,,,,,,,
,,,,,,,
,,,,,,,
,,,,,,,
,,,,,,,
,,,,,,,
,,,,,,,
,,,,,,,
,,,,,,,
,,,,,,,
,,,,,,,
,,,,,,,
,,,,,,,
,,,,,,,
,,,,,,,
,,,,,,,
,,,,,,,
,,,,,,,
,,,,,,,
,,,,,,,
,,,,,,,
,,,,,,,
,,,,,,,
,,,,,,,
,,,,,,,
,,,,,,,
,,,,,,,
,,,,,,,
,,,,,,,
,,,,,,,
,,,,,,,
,,,,,,,
,,,,,,,
,,,,,,,
,,,,,,,
,,,,,,,
,,,,,,,
,,,,,,,
,,,,,,,
,,,,,,,
,,,,,,,
,,,,,,,
,,,,,,,
,,,,,,,
,,,,,,,
,,,,,,,
,,,,,,,
,,,,,,,
,,,,,,,
,,,,,,,
,,,,,,,
,,,,,,,
,,,,,,,
,,,,,,,
,,,,,,,
,,,,,,,
,,,,,,,
,,,,,,,
,,,,,,,
,,,,,,,
,,,,,,,
,,,,,,,
,,,,,,,
,,,,,,,
,,,,,,,
,,,,,,,
,,,,,,,
,,,,,,,
,,,,,,,
,,,,,,,
,,,,,,,
,,,,,,,
,,,,,,,
,,,,,,,
,,,,,,,
,,,,,,,
,,,,,,,
,,,,,,,
,,,,,,,
,,,,,,,
,,,,,,,
,,,,,,,
,,,,,,,
,,,,,,,
,,,,,,,
,,,,,,,
,,,,,,,
,,,,,,,
,,,,,,,
,,,,,,,
,,,,,,,
,,,,,,,
,,,,,,,
,,,,,,,
,,,,,,,
,,,,,,,
,,,,,,,
,,,,,,,
,,,,,,,
,,,,,,,
,,,,,,,
,,,,,,,
,,,,,,,
,,,,,,,
,,,,,,,
,,,,,,,
,,,,,,,
,,,,,,,
,,,,,,,
,,,,,,,
,,,,,,,
,,,,,,,
,,,,,,,
,,,,,,,
,,,,,,,
,,,,,,,
,,,,,,,
,,,,,,,
,,,,,,,
,,,,,,,
,,,,,,,
,,,,,,,
,,,,,,,
,,,,,,,
,,,,,,,
,,,,,,,
,,,,,,,
,,,,,,,
,,,,,,,
,,,,,,,
,,,,,,,
,,,,,,,
,,,,,,,
,,,,,,,
,,,,,,,
,,,,,,,
,,,,,,,
,,,,,,,
,,,,,,,
,,,,,,,
,,,,,,,
,,,,,,,
,,,,,,,
,,,,,,,
,,,,,,,
,,,,,,,
,,,,,,,
,,,,,,,
,,,,,,,
,,,,,,,
,,,,,,,
,,,,,,,
,,,,,,,
,,,,,,,
,,,,,,,
,,,,,,,
,,,,,,,
,,,,,,,
,,,,,,,
,,,,,,,
,,,,,,,
,,,,,,,
,,,,,,,
,,,,,,,
,,,,,,,
,,,,,,,
,,,,,,,
,,,,,,,
,,,,,,,
,,,,,,,
,,,,,,,
,,,,,,,
,,,,,,,
,,,,,,,
,,,,,,,
,,,,,,,
,,,,,,,
,,,,,,,
,,,,,,,
,,,,,,,
,,,,,,,
,,,,,,,
,,,,,,,
,,,,,,,
,,,,,,,
,,,,,,,
,,,,,,,
,,,,,,,
,,,,,,,
,,,,,,,
,,,,,,,
,,,,,,,
,,,,,,,
,,,,,,,
,,,,,,,
,,,,,,,
,,,,,,,
,,,,,,,
,,,,,,,
,,,,,,,
,,,,,,,
,,,,,,,
,,,,,,,
,,,,,,,
,,,,,,,
,,,,,,,
,,,,,,,
,,,,,,,
,,,,,,,
,,,,,,,
,,,,,,,
,,,,,,,
,,,,,,,
,,,,,,,
,,,,,,,
,,,,,,,
,,,,,,,
,,,,,,,
,,,,,,,
,,,,,,,
,,,,,,,
,,,,,,,
,,,,,,,
,,,,,,,
,,,,,,,
,,,,,,,
,,,,,,,
,,,,,,,
,,,,,,,
,,,,,,,
,,,,,,,
,,,,,,,
,,,,,,,
,,,,,,,
,,,,,,,
,,,,,,,
,,,,,,,
,,,,,,,
,,,,,,,
,,,,,,,
,,,,,,,
,,,,,,,
,,,,,,,
,,,,,,,
,,,,,,,
,,,,,,,
,,,,,,,
,,,,,,,
,,,,,,,
,,,,,,,
,,,,,,,
,,,,,,,
,,,,,,,
,,,,,,,
,,,,,,,
,,,,,,,
,,,,,,,
,,,,,,,
,,,,,,,
,,,,,,,
,,,,,,,
,,,,,,,
,,,,,,,
,,,,,,,
,,,,,,,
,,,,,,,
,,,,,,,
,,,,,,,
,,,,,,,
,,,,,,,
,,,,,,,
,,,,,,,
,,,,,,,
,,,,,,,
,,,,,,,
,,,,,,,
,,,,,,,
,,,,,,,
,,,,,,,
,,,,,,,
,,,,,,,
,,,,,,,
,,,,,,,
,,,,,,,
,,,,,,,
,,,,,,,
,,,,,,,
,,,,,,,
,,,,,,,
,,,,,,,
,,,,,,,
,,,,,,,
,,,,,,,
,,,,,,,
,,,,,,,
,,,,,,,
,,,,,,,
,,,,,,,
,,,,,,,
,,,,,,,
,,,,,,,
,,,,,,,
,,,,,,,
,,,,,,,
,,,,,,,
,,,,,,,
,,,,,,,
,,,,,,,
,,,,,,,
,,,,,,,
,,,,,,,
,,,,,,,
,,,,,,,
,,,,,,,
,,,,,,,
,,,,,,,
,,,,,,,
,,,,,,,
,,,,,,,
,,,,,,,
,,,,,,,
,,,,,,,
,,,,,,,
,,,,,,,
,,,,,,,
,,,,,,,
,,,,,,,
,,,,,,,
,,,,,,,
,,,,,,,
,,,,,,,
,,,,,,,
,,,,,,,
,,,,,,,
,,,,,,,
,,,,,,,
,,,,,,,
,,,,,,,
,,,,,,,
,,,,,,,
,,,,,,,
,,,,,,,
,,,,,,,
,,,,,,,
,,,,,,,
,,,,,,,
,,,,,,,
,,,,,,,
,,,,,,,
,,,,,,,
,,,,,,,
,,,,,,,
,,,,,,,
,,,,,,,
,,,,,,,
,,,,,,,
,,,,,,,
,,,,,,,
,,,,,,,
,,,,,,,
,,,,,,,
,,,,,,,
,,,,,,,
,,,,,,,
,,,,,,,
,,,,,,,
,,,,,,,
,,,,,,,
,,,,,,,
,,,,,,,
,,,,,,,
,,,,,,,
,,,,,,,
,,,,,,,
,,,,,,,
,,,,,,,
,,,,,,,
,,,,,,,
,,,,,,,
,,,,,,,
,,,,,,,
,,,,,,,
,,,,,,,
,,,,,,,
,,,,,,,
,,,,,,,
,,,,,,,
,,,,,,,
,,,,,,,
,,,,,,,
,,,,,,,
,,,,,,,
,,,,,,,
,,,,,,,
,,,,,,,
,,,,,,,
,,,,,,,
,,,,,,,
,,,,,,,
,,,,,,,
,,,,,,,
,,,,,,,
,,,,,,,
,,,,,,,
,,,,,,,
,,,,,,,
,,,,,,,
,,,,,,,
,,,,,,,
,,,,,,,
,,,,,,,
,,,,,,,
,,,,,,,
,,,,,,,
,,,,,,,
,,,,,,,
,,,,,,,
,,,,,,,
,,,,,,,
,,,,,,,
,,,,,,,
,,,,,,,
,,,,,,,
,,,,,,,
,,,,,,,
,,,,,,,
,,,,,,,
,,,,,,,
,,,,,,,
,,,,,,,
,,,,,,,
,,,,,,,
,,,,,,,
,,,,,,,
,,,,,,,
,,,,,,,
,,,,,,,
,,,,,,,
,,,,,,,
,,,,,,,
,,,,,,,
,,,,,,,
,,,,,,,
,,,,,,,
,,,,,,,
,,,,,,,
,,,,,,,
,,,,,,,
,,,,,,,
,,,,,,,
,,,,,,,
,,,,,,,
,,,,,,,
,,,,,,,
,,,,,,,
,,,,,,,
,,,,,,,
,,,,,,,
,,,,,,,
,,,,,,,
,,,,,,,
,,,,,,,
,,,,,,,
,,,,,,,
,,,,,,,
,,,,,,,
,,,,,,,
,,,,,,,
,,,,,,,
,,,,,,,
,,,,,,,
,,,,,,,
,,,,,,,
,,,,,,,
,,,,,,,
,,,,,,,
,,,,,,,
,,,,,,,
,,,,,,,
,,,,,,,
,,,,,,,
,,,,,,,
,,,,,,,
,,,,,,,
,,,,,,,
,,,,,,,
,,,,,,,
,,,,,,,
,,,,,,,
,,,,,,,
,,,,,,,
,,,,,,,
,,,,,,,
,,,,,,,
,,,,,,,
,,,,,,,
,,,,,,,
,,,,,,,
,,,,,,,
,,,,,,,
,,,,,,,
,,,,,,,
,,,,,,,
,,,,,,,
,,,,,,,
,,,,,,,
,,,,,,,
,,,,,,,
,,,,,,,
,,,,,,,
,,,,,,,
,,,,,,,
,,,,,,,
,,,,,,,
,,,,,,,
,,,,,,,
,,,,,,,
,,,,,,,
,,,,,,,
,,,,,,,
,,,,,,,
,,,,,,,
,,,,,,,
,,,,,,,
,,,,,,,
,,,,,,,
,,,,,,,
,,,,,,,
,,,,,,,
,,,,,,,
,,,,,,,
,,,,,,,
,,,,,,,
,,,,,,,
,,,,,,,
,,,,,,,
,,,,,,,
,,,,,,,
,,,,,,,
,,,,,,,
,,,,,,,
,,,,,,,
,,,,,,,
,,,,,,,
,,,,,,,
,,,,,,,
,,,,,,,
,,,,,,,
,,,,,,,
,,,,,,,
,,,,,,,
,,,,,,,
,,,,,,,
,,,,,,,
,,,,,,,
,,,,,,,
,,,,,,,
,,,,,,,
,,,,,,,
,,,,,,,
,,,,,,,
,,,,,,,
,,,,,,,
,,,,,,,
,,,,,,,
,,,,,,,
,,,,,,,
,,,,,,,
,,,,,,,
,,,,,,,
,,,,,,,
,,,,,,,
,,,,,,,
,,,,,,,
,,,,,,,
,,,,,,,
,,,,,,,
,,,,,,,
,,,,,,,
,,,,,,,
,,,,,,,
,,,,,,,
,,,,,,,
,,,,,,,
,,,,,,,
,,,,,,,
,,,,,,,
,,,,,,,
,,,,,,,
,,,,,,,
,,,,,,,
,,,,,,,
,,,,,,,
,,,,,,,
,,,,,,,
,,,,,,,
,,,,,,,
,,,,,,,
,,,,,,,
,,,,,,,
,,,,,,,
,,,,,,,
,,,,,,,
,,,,,,,
,,,,,,,
,,,,,,,
,,,,,,,
,,,,,,,
,,,,,,,
,,,,,,,
,,,,,,,
,,,,,,,
,,,,,,,
,,,,,,,
,,,,,,,
,,,,,,,
,,,,,,,
,,,,,,,
,,,,,,,
,,,,,,,
,,,,,,,
,,,,,,,
,,,,,,,
,,,,,,,
,,,,,,,
,,,,,,,
,,,,,,,
,,,,,,,
,,,,,,,
,,,,,,,
,,,,,,,
,,,,,,,
,,,,,,,
,,,,,,,
,,,,,,,
,,,,,,,
,,,,,,,
,,,,,,,
,,,,,,,
,,,,,,,
,,,,,,,
,,,,,,,
,,,,,,,
,,,,,,,
,,,,,,,
,,,,,,,
,,,,,,,
,,,,,,,
,,,,,,,
,,,,,,,
,,,,,,,
,,,,,,,
,,,,,,,
,,,,,,,
,,,,,,,
,,,,,,,
,,,,,,,
,,,,,,,
,,,,,,,
,,,,,,,
,,,,,,,
,,,,,,,
,,,,,,,
,,,,,,,
,,,,,,,
,,,,,,,
,,,,,,,
,,,,,,,
,,,,,,,
,,,,,,,
,,,,,,,
,,,,,,,
,,,,,,,
,,,,,,,
,,,,,,,
,,,,,,,
,,,,,,,
,,,,,,,
,,,,,,,
,,,,,,,
,,,,,,,
,,,,,,,
,,,,,,,
,,,,,,,
,,,,,,,
,,,,,,,
,,,,,,,
,,,,,,,
,,,,,,,
,,,,,,,
,,,,,,,
,,,,,,,
,,,,,,,
,,,,,,,
,,,,,,,
,,,,,,,
,,,,,,,
,,,,,,,
,,,,,,,
,,,,,,,
,,,,,,,
,,,,,,,
,,,,,,,
,,,,,,,
,,,,,,,
,,,,,,,
,,,,,,,
,,,,,,,
,,,,,,,
,,,,,,,
,,,,,,,
,,,,,,,
,,,,,,,
,,,,,,,
,,,,,,,
,,,,,,,
,,,,,,,
,,,,,,,
,,,,,,,
,,,,,,,
,,,,,,,
,,,,,,,
,,,,,,,
,,,,,,,
,,,,,,,
,,,,,,,
,,,,,,,
,,,,,,,
,,,,,,,
,,,,,,,
,,,,,,,
,,,,,,,
,,,,,,,
,,,,,,,
,,,,,,,
,,,,,,,
,,,,,,,
,,,,,,,
,,,,,,,
,,,,,,,
,,,,,,,
,,,,,,,
,,,,,,,
,,,,,,,
,,,,,,,
,,,,,,,
,,,,,,,
,,,,,,,
,,,,,,,
,,,,,,,
,,,,,,,
,,,,,,,
,,,,,,,
,,,,,,,
,,,,,,,
,,,,,,,
,,,,,,,
,,,,,,,
,,,,,,,
