Title,Description,Keywords,verb0,video0,check0,verb1,video1,check1,verb2,video2,check2,verb3,video3,check3,verb4,video4,check4
What people or things can do the following actions?,You'll see a video of an actor performing an action (a verb).  You tell us what sorts of things or people can perform that action.,Verbs Noun Video Quiz Family Feud,put,"<object width=""425"" height=""344""><param name=""movie"" value=""http://www.youtube.com/v/o4VB-4RvVaI&hl=de_DE&fs=1&rel=0&color1=0x5d1719&color2=0xcd311b""></param><param name=""allowFullScreen"" value=""true""></param><param name=""allowscriptaccess"" value=""always""></param><embed src=""http://www.youtube.com/v/o4VB-4RvVaI&autoplay=1&loop=1&hl=de_DE&fs=1&rel=0&color1=0x5d1719&color2=0xcd311b"" type=""application/x-shockwave-flash"" allowscriptaccess=""always"" allowfullscreen=""true"" width=""425"" height=""344""></embed></object>",cleaner|mover,write,"<object width=""425"" height=""344""><param name=""movie"" value=""http://www.youtube.com/v/BaFOgFs7cDQ&hl=de_DE&fs=1&rel=0&color1=0x5d1719&color2=0xcd311b""></param><param name=""allowFullScreen"" value=""true""></param><param name=""allowscriptaccess"" value=""always""></param><embed src=""http://www.youtube.com/v/BaFOgFs7cDQ&autoplay=1&loop=1&hl=de_DE&fs=1&rel=0&color1=0x5d1719&color2=0xcd311b"" type=""application/x-shockwave-flash"" allowscriptaccess=""always"" allowfullscreen=""true"" width=""425"" height=""344""></embed></object>",writer|novelist|poet|student,use,"<object width=""425"" height=""344""><param name=""movie"" value=""http://www.youtube.com/v/JlFDwgk3X1g&hl=de_DE&fs=1&rel=0&color1=0x5d1719&color2=0xcd311b""></param><param name=""allowFullScreen"" value=""true""></param><param name=""allowscriptaccess"" value=""always""></param><embed src=""http://www.youtube.com/v/JlFDwgk3X1g&autoplay=1&loop=1&hl=de_DE&fs=1&rel=0&color1=0x5d1719&color2=0xcd311b"" type=""application/x-shockwave-flash"" allowscriptaccess=""always"" allowfullscreen=""true"" width=""425"" height=""344""></embed></object>",workman,try,"<object width=""425"" height=""344""><param name=""movie"" value=""http://www.youtube.com/v/_OCUHLuoa9g&hl=de_DE&fs=1&rel=0&color1=0x5d1719&color2=0xcd311b""></param><param name=""allowFullScreen"" value=""true""></param><param name=""allowscriptaccess"" value=""always""></param><embed src=""http://www.youtube.com/v/_OCUHLuoa9g&autoplay=1&loop=1&hl=de_DE&fs=1&rel=0&color1=0x5d1719&color2=0xcd311b"" type=""application/x-shockwave-flash"" allowscriptaccess=""always"" allowfullscreen=""true"" width=""425"" height=""344""></embed></object>",student|learner,make,"<object width=""425"" height=""344""><param name=""movie"" value=""http://www.youtube.com/v/5jwjqt_S0aE&hl=de_DE&fs=1&rel=0&color1=0x5d1719&color2=0xcd311b""></param><param name=""allowFullScreen"" value=""true""></param><param name=""allowscriptaccess"" value=""always""></param><embed src=""http://www.youtube.com/v/5jwjqt_S0aE&autoplay=1&loop=1&hl=de_DE&fs=1&rel=0&color1=0x5d1719&color2=0xcd311b"" type=""application/x-shockwave-flash"" allowscriptaccess=""always"" allowfullscreen=""true"" width=""425"" height=""344""></embed></object>",hobbyist
What people or things can do the following actions?,You'll see a video of an actor performing an action (a verb).  You tell us what sorts of things or people can perform that action.,Verbs Noun Video Quiz Family Feud,thank,"<object width=""425"" height=""344""><param name=""movie"" value=""http://www.youtube.com/v/nLzt8gtXMCI&hl=de_DE&fs=1&rel=0&color1=0x5d1719&color2=0xcd311b""></param><param name=""allowFullScreen"" value=""true""></param><param name=""allowscriptaccess"" value=""always""></param><embed src=""http://www.youtube.com/v/nLzt8gtXMCI&autoplay=1&loop=1&hl=de_DE&fs=1&rel=0&color1=0x5d1719&color2=0xcd311b"" type=""application/x-shockwave-flash"" allowscriptaccess=""always"" allowfullscreen=""true"" width=""425"" height=""344""></embed></object>",mendicant,look,"<object width=""425"" height=""344""><param name=""movie"" value=""http://www.youtube.com/v/lYM3w1t4YA4&hl=de_DE&fs=1&rel=0&color1=0x5d1719&color2=0xcd311b""></param><param name=""allowFullScreen"" value=""true""></param><param name=""allowscriptaccess"" value=""always""></param><embed src=""http://www.youtube.com/v/lYM3w1t4YA4&autoplay=1&loop=1&hl=de_DE&fs=1&rel=0&color1=0x5d1719&color2=0xcd311b"" type=""application/x-shockwave-flash"" allowscriptaccess=""always"" allowfullscreen=""true"" width=""425"" height=""344""></embed></object>",scout|watchman,stop,"<object width=""425"" height=""344""><param name=""movie"" value=""http://www.youtube.com/v/BtpghexY4fo&hl=de_DE&fs=1&rel=0&color1=0x5d1719&color2=0xcd311b""></param><param name=""allowFullScreen"" value=""true""></param><param name=""allowscriptaccess"" value=""always""></param><embed src=""http://www.youtube.com/v/BtpghexY4fo&autoplay=1&loop=1&hl=de_DE&fs=1&rel=0&color1=0x5d1719&color2=0xcd311b"" type=""application/x-shockwave-flash"" allowscriptaccess=""always"" allowfullscreen=""true"" width=""425"" height=""344""></embed></object>",car|bike,find,"<object width=""425"" height=""344""><param name=""movie"" value=""http://www.youtube.com/v/nicBVkt39mE&hl=de_DE&fs=1&rel=0&color1=0x5d1719&color2=0xcd311b""></param><param name=""allowFullScreen"" value=""true""></param><param name=""allowscriptaccess"" value=""always""></param><embed src=""http://www.youtube.com/v/nicBVkt39mE&autoplay=1&loop=1&hl=de_DE&fs=1&rel=0&color1=0x5d1719&color2=0xcd311b"" type=""application/x-shockwave-flash"" allowscriptaccess=""always"" allowfullscreen=""true"" width=""425"" height=""344""></embed></object>",seeker|treasure_hunter,take,"<object width=""425"" height=""344""><param name=""movie"" value=""http://www.youtube.com/v/bJ1k1WfKZN0&hl=de_DE&fs=1&rel=0&color1=0x5d1719&color2=0xcd311b""></param><param name=""allowFullScreen"" value=""true""></param><param name=""allowscriptaccess"" value=""always""></param><embed src=""http://www.youtube.com/v/bJ1k1WfKZN0&autoplay=1&loop=1&hl=de_DE&fs=1&rel=0&color1=0x5d1719&color2=0xcd311b"" type=""application/x-shockwave-flash"" allowscriptaccess=""always"" allowfullscreen=""true"" width=""425"" height=""344""></embed></object>",thief|robber
What people or things can do the following actions?,You'll see a video of an actor performing an action (a verb).  You tell us what sorts of things or people can perform that action.,Verbs Noun Video Quiz Family Feud,read,"<object width=""425"" height=""344""><param name=""movie"" value=""http://www.youtube.com/v/IU47l2qeVfE&hl=de_DE&fs=1&rel=0&color1=0x5d1719&color2=0xcd311b""></param><param name=""allowFullScreen"" value=""true""></param><param name=""allowscriptaccess"" value=""always""></param><embed src=""http://www.youtube.com/v/IU47l2qeVfE&autoplay=1&loop=1&hl=de_DE&fs=1&rel=0&color1=0x5d1719&color2=0xcd311b"" type=""application/x-shockwave-flash"" allowscriptaccess=""always"" allowfullscreen=""true"" width=""425"" height=""344""></embed></object>",reader|student|scholar,ask,"<object width=""425"" height=""344""><param name=""movie"" value=""http://www.youtube.com/v/neQit2EIE2A&hl=de_DE&fs=1&rel=0&color1=0x5d1719&color2=0xcd311b""></param><param name=""allowFullScreen"" value=""true""></param><param name=""allowscriptaccess"" value=""always""></param><embed src=""http://www.youtube.com/v/neQit2EIE2A&autoplay=1&loop=1&hl=de_DE&fs=1&rel=0&color1=0x5d1719&color2=0xcd311b"" type=""application/x-shockwave-flash"" allowscriptaccess=""always"" allowfullscreen=""true"" width=""425"" height=""344""></embed></object>",student|interrogator|lawyer,hope,"<object width=""425"" height=""344""><param name=""movie"" value=""http://www.youtube.com/v/rizYYWVssyo&hl=de_DE&fs=1&rel=0&color1=0x5d1719&color2=0xcd311b""></param><param name=""allowFullScreen"" value=""true""></param><param name=""allowscriptaccess"" value=""always""></param><embed src=""http://www.youtube.com/v/rizYYWVssyo&autoplay=1&loop=1&hl=de_DE&fs=1&rel=0&color1=0x5d1719&color2=0xcd311b"" type=""application/x-shockwave-flash"" allowscriptaccess=""always"" allowfullscreen=""true"" width=""425"" height=""344""></embed></object>",obama,call,"<object width=""425"" height=""344""><param name=""movie"" value=""http://www.youtube.com/v/4Pv1SHHsbys&hl=de_DE&fs=1&rel=0&color1=0x5d1719&color2=0xcd311b""></param><param name=""allowFullScreen"" value=""true""></param><param name=""allowscriptaccess"" value=""always""></param><embed src=""http://www.youtube.com/v/4Pv1SHHsbys&autoplay=1&loop=1&hl=de_DE&fs=1&rel=0&color1=0x5d1719&color2=0xcd311b"" type=""application/x-shockwave-flash"" allowscriptaccess=""always"" allowfullscreen=""true"" width=""425"" height=""344""></embed></object>",mom|telemarketer,like,"<object width=""425"" height=""344""><param name=""movie"" value=""http://www.youtube.com/v/WDKvvls5D3Y&hl=de_DE&fs=1&rel=0&color1=0x5d1719&color2=0xcd311b""></param><param name=""allowFullScreen"" value=""true""></param><param name=""allowscriptaccess"" value=""always""></param><embed src=""http://www.youtube.com/v/WDKvvls5D3Y&autoplay=1&loop=1&hl=de_DE&fs=1&rel=0&color1=0x5d1719&color2=0xcd311b"" type=""application/x-shockwave-flash"" allowscriptaccess=""always"" allowfullscreen=""true"" width=""425"" height=""344""></embed></object>",girl|boy
What people or things can do the following actions?,You'll see a video of an actor performing an action (a verb).  You tell us what sorts of things or people can perform that action.,Verbs Noun Video Quiz Family Feud,help,"<object width=""425"" height=""344""><param name=""movie"" value=""http://www.youtube.com/v/CJAsK96V-lU&hl=de_DE&fs=1&rel=0&color1=0x5d1719&color2=0xcd311b""></param><param name=""allowFullScreen"" value=""true""></param><param name=""allowscriptaccess"" value=""always""></param><embed src=""http://www.youtube.com/v/CJAsK96V-lU&autoplay=1&loop=1&hl=de_DE&fs=1&rel=0&color1=0x5d1719&color2=0xcd311b"" type=""application/x-shockwave-flash"" allowscriptaccess=""always"" allowfullscreen=""true"" width=""425"" height=""344""></embed></object>",helper|boy_scout,go,"<object width=""425"" height=""344""><param name=""movie"" value=""http://www.youtube.com/v/qEVfI6_H5cw&hl=de_DE&fs=1&rel=0&color1=0x5d1719&color2=0xcd311b""></param><param name=""allowFullScreen"" value=""true""></param><param name=""allowscriptaccess"" value=""always""></param><embed src=""http://www.youtube.com/v/qEVfI6_H5cw&autoplay=1&loop=1&hl=de_DE&fs=1&rel=0&color1=0x5d1719&color2=0xcd311b"" type=""application/x-shockwave-flash"" allowscriptaccess=""always"" allowfullscreen=""true"" width=""425"" height=""344""></embed></object>",driver|car,leave,"<object width=""425"" height=""344""><param name=""movie"" value=""http://www.youtube.com/v/WIbHmbAzgK8&hl=de_DE&fs=1&rel=0&color1=0x5d1719&color2=0xcd311b""></param><param name=""allowFullScreen"" value=""true""></param><param name=""allowscriptaccess"" value=""always""></param><embed src=""http://www.youtube.com/v/WIbHmbAzgK8&autoplay=1&loop=1&hl=de_DE&fs=1&rel=0&color1=0x5d1719&color2=0xcd311b"" type=""application/x-shockwave-flash"" allowscriptaccess=""always"" allowfullscreen=""true"" width=""425"" height=""344""></embed></object>",girlfriend|boyfriend,need,"<object width=""425"" height=""344""><param name=""movie"" value=""http://www.youtube.com/v/GYTz157gJbQ&hl=de_DE&fs=1&rel=0&color1=0x5d1719&color2=0xcd311b""></param><param name=""allowFullScreen"" value=""true""></param><param name=""allowscriptaccess"" value=""always""></param><embed src=""http://www.youtube.com/v/GYTz157gJbQ&autoplay=1&loop=1&hl=de_DE&fs=1&rel=0&color1=0x5d1719&color2=0xcd311b"" type=""application/x-shockwave-flash"" allowscriptaccess=""always"" allowfullscreen=""true"" width=""425"" height=""344""></embed></object>",homeless|poor|needy,bring,"<object width=""425"" height=""344""><param name=""movie"" value=""http://www.youtube.com/v/FG5y-0rEjog&hl=de_DE&fs=1&rel=0&color1=0x5d1719&color2=0xcd311b""></param><param name=""allowFullScreen"" value=""true""></param><param name=""allowscriptaccess"" value=""always""></param><embed src=""http://www.youtube.com/v/FG5y-0rEjog&autoplay=1&loop=1&hl=de_DE&fs=1&rel=0&color1=0x5d1719&color2=0xcd311b"" type=""application/x-shockwave-flash"" allowscriptaccess=""always"" allowfullscreen=""true"" width=""425"" height=""344""></embed></object>",mom|driver|delivery_man|postman|postal_carrier
What people or things can do the following actions?,You'll see a video of an actor performing an action (a verb).  You tell us what sorts of things or people can perform that action.,Verbs Noun Video Quiz Family Feud,sit,"<object width=""425"" height=""344""><param name=""movie"" value=""http://www.youtube.com/v/nS82N8sT8B8&hl=de_DE&fs=1&rel=0&color1=0x5d1719&color2=0xcd311b""></param><param name=""allowFullScreen"" value=""true""></param><param name=""allowscriptaccess"" value=""always""></param><embed src=""http://www.youtube.com/v/nS82N8sT8B8&autoplay=1&loop=1&hl=de_DE&fs=1&rel=0&color1=0x5d1719&color2=0xcd311b"" type=""application/x-shockwave-flash"" allowscriptaccess=""always"" allowfullscreen=""true"" width=""425"" height=""344""></embed></object>",child,pay,"<object width=""425"" height=""344""><param name=""movie"" value=""http://www.youtube.com/v/qB6QuxWG8mE&hl=de_DE&fs=1&rel=0&color1=0x5d1719&color2=0xcd311b""></param><param name=""allowFullScreen"" value=""true""></param><param name=""allowscriptaccess"" value=""always""></param><embed src=""http://www.youtube.com/v/qB6QuxWG8mE&autoplay=1&loop=1&hl=de_DE&fs=1&rel=0&color1=0x5d1719&color2=0xcd311b"" type=""application/x-shockwave-flash"" allowscriptaccess=""always"" allowfullscreen=""true"" width=""425"" height=""344""></embed></object>",student|citizen|shopper|customer,remember,"<object width=""425"" height=""344""><param name=""movie"" value=""http://www.youtube.com/v/ZngDd1irhYo&hl=de_DE&fs=1&rel=0&color1=0x5d1719&color2=0xcd311b""></param><param name=""allowFullScreen"" value=""true""></param><param name=""allowscriptaccess"" value=""always""></param><embed src=""http://www.youtube.com/v/ZngDd1irhYo&autoplay=1&loop=1&hl=de_DE&fs=1&rel=0&color1=0x5d1719&color2=0xcd311b"" type=""application/x-shockwave-flash"" allowscriptaccess=""always"" allowfullscreen=""true"" width=""425"" height=""344""></embed></object>",elephant|recollector,stay,"<object width=""425"" height=""344""><param name=""movie"" value=""http://www.youtube.com/v/cr0MKtryoN4&hl=de_DE&fs=1&rel=0&color1=0x5d1719&color2=0xcd311b""></param><param name=""allowFullScreen"" value=""true""></param><param name=""allowscriptaccess"" value=""always""></param><embed src=""http://www.youtube.com/v/cr0MKtryoN4&autoplay=1&loop=1&hl=de_DE&fs=1&rel=0&color1=0x5d1719&color2=0xcd311b"" type=""application/x-shockwave-flash"" allowscriptaccess=""always"" allowfullscreen=""true"" width=""425"" height=""344""></embed></object>",dog|child,eat,"<object width=""425"" height=""344""><param name=""movie"" value=""http://www.youtube.com/v/NTGu3XOLVpo&hl=de_DE&fs=1&rel=0&color1=0x5d1719&color2=0xcd311b""></param><param name=""allowFullScreen"" value=""true""></param><param name=""allowscriptaccess"" value=""always""></param><embed src=""http://www.youtube.com/v/NTGu3XOLVpo&autoplay=1&loop=1&hl=de_DE&fs=1&rel=0&color1=0x5d1719&color2=0xcd311b"" type=""application/x-shockwave-flash"" allowscriptaccess=""always"" allowfullscreen=""true"" width=""425"" height=""344""></embed></object>",gourmand|diner|glutton
What people or things can do the following actions?,You'll see a video of an actor performing an action (a verb).  You tell us what sorts of things or people can perform that action.,Verbs Noun Video Quiz Family Feud,turn,"<object width=""425"" height=""344""><param name=""movie"" value=""http://www.youtube.com/v/xWl8BqYqDjE&hl=de_DE&fs=1&rel=0&color1=0x5d1719&color2=0xcd311b""></param><param name=""allowFullScreen"" value=""true""></param><param name=""allowscriptaccess"" value=""always""></param><embed src=""http://www.youtube.com/v/xWl8BqYqDjE&autoplay=1&loop=1&hl=de_DE&fs=1&rel=0&color1=0x5d1719&color2=0xcd311b"" type=""application/x-shockwave-flash"" allowscriptaccess=""always"" allowfullscreen=""true"" width=""425"" height=""344""></embed></object>",car|bike|bicycle,want,"<object width=""425"" height=""344""><param name=""movie"" value=""http://www.youtube.com/v/lzZ2IpL7dtA&hl=de_DE&fs=1&rel=0&color1=0x5d1719&color2=0xcd311b""></param><param name=""allowFullScreen"" value=""true""></param><param name=""allowscriptaccess"" value=""always""></param><embed src=""http://www.youtube.com/v/lzZ2IpL7dtA&autoplay=1&loop=1&hl=de_DE&fs=1&rel=0&color1=0x5d1719&color2=0xcd311b"" type=""application/x-shockwave-flash"" allowscriptaccess=""always"" allowfullscreen=""true"" width=""425"" height=""344""></embed></object>",needy|homeless|poor,start,"<object width=""425"" height=""344""><param name=""movie"" value=""http://www.youtube.com/v/pGwjQqGcgJs&hl=de_DE&fs=1&rel=0&color1=0x5d1719&color2=0xcd311b""></param><param name=""allowFullScreen"" value=""true""></param><param name=""allowscriptaccess"" value=""always""></param><embed src=""http://www.youtube.com/v/pGwjQqGcgJs&autoplay=1&loop=1&hl=de_DE&fs=1&rel=0&color1=0x5d1719&color2=0xcd311b"" type=""application/x-shockwave-flash"" allowscriptaccess=""always"" allowfullscreen=""true"" width=""425"" height=""344""></embed></object>",player|runner,hear,"<object width=""425"" height=""344""><param name=""movie"" value=""http://www.youtube.com/v/ZWiZiUsba2E&hl=de_DE&fs=1&rel=0&color1=0x5d1719&color2=0xcd311b""></param><param name=""allowFullScreen"" value=""true""></param><param name=""allowscriptaccess"" value=""always""></param><embed src=""http://www.youtube.com/v/ZWiZiUsba2E&autoplay=1&loop=1&hl=de_DE&fs=1&rel=0&color1=0x5d1719&color2=0xcd311b"" type=""application/x-shockwave-flash"" allowscriptaccess=""always"" allowfullscreen=""true"" width=""425"" height=""344""></embed></object>",listner,know,"<object width=""425"" height=""344""><param name=""movie"" value=""http://www.youtube.com/v/kztPk06Eg7M&hl=de_DE&fs=1&rel=0&color1=0x5d1719&color2=0xcd311b""></param><param name=""allowFullScreen"" value=""true""></param><param name=""allowscriptaccess"" value=""always""></param><embed src=""http://www.youtube.com/v/kztPk06Eg7M&autoplay=1&loop=1&hl=de_DE&fs=1&rel=0&color1=0x5d1719&color2=0xcd311b"" type=""application/x-shockwave-flash"" allowscriptaccess=""always"" allowfullscreen=""true"" width=""425"" height=""344""></embed></object>",professor|teacher
What people or things can do the following actions?,You'll see a video of an actor performing an action (a verb).  You tell us what sorts of things or people can perform that action.,Verbs Noun Video Quiz Family Feud,feel,"<object width=""425"" height=""344""><param name=""movie"" value=""http://www.youtube.com/v/OI0e1_Z6Rgc&hl=de_DE&fs=1&rel=0&color1=0x5d1719&color2=0xcd311b""></param><param name=""allowFullScreen"" value=""true""></param><param name=""allowscriptaccess"" value=""always""></param><embed src=""http://www.youtube.com/v/OI0e1_Z6Rgc&autoplay=1&loop=1&hl=de_DE&fs=1&rel=0&color1=0x5d1719&color2=0xcd311b"" type=""application/x-shockwave-flash"" allowscriptaccess=""always"" allowfullscreen=""true"" width=""425"" height=""344""></embed></object>",child|kid,see,"<object width=""425"" height=""344""><param name=""movie"" value=""http://www.youtube.com/v/BRG5Vr4nB3A&hl=de_DE&fs=1&rel=0&color1=0x5d1719&color2=0xcd311b""></param><param name=""allowFullScreen"" value=""true""></param><param name=""allowscriptaccess"" value=""always""></param><embed src=""http://www.youtube.com/v/BRG5Vr4nB3A&autoplay=1&loop=1&hl=de_DE&fs=1&rel=0&color1=0x5d1719&color2=0xcd311b"" type=""application/x-shockwave-flash"" allowscriptaccess=""always"" allowfullscreen=""true"" width=""425"" height=""344""></embed></object>",watcher|lookout,bet,"<object width=""425"" height=""344""><param name=""movie"" value=""http://www.youtube.com/v/wnOOtW7iQoI&hl=de_DE&fs=1&rel=0&color1=0x5d1719&color2=0xcd311b""></param><param name=""allowFullScreen"" value=""true""></param><param name=""allowscriptaccess"" value=""always""></param><embed src=""http://www.youtube.com/v/wnOOtW7iQoI&autoplay=1&loop=1&hl=de_DE&fs=1&rel=0&color1=0x5d1719&color2=0xcd311b"" type=""application/x-shockwave-flash"" allowscriptaccess=""always"" allowfullscreen=""true"" width=""425"" height=""344""></embed></object>",gambler|bookie,get,"<object width=""425"" height=""344""><param name=""movie"" value=""http://www.youtube.com/v/qSu9nz-7t3c&hl=de_DE&fs=1&rel=0&color1=0x5d1719&color2=0xcd311b""></param><param name=""allowFullScreen"" value=""true""></param><param name=""allowscriptaccess"" value=""always""></param><embed src=""http://www.youtube.com/v/qSu9nz-7t3c&autoplay=1&loop=1&hl=de_DE&fs=1&rel=0&color1=0x5d1719&color2=0xcd311b"" type=""application/x-shockwave-flash"" allowscriptaccess=""always"" allowfullscreen=""true"" width=""425"" height=""344""></embed></object>",child|recipient,think,"<object width=""425"" height=""344""><param name=""movie"" value=""http://www.youtube.com/v/rpeVcs_xrww&hl=de_DE&fs=1&rel=0&color1=0x5d1719&color2=0xcd311b""></param><param name=""allowFullScreen"" value=""true""></param><param name=""allowscriptaccess"" value=""always""></param><embed src=""http://www.youtube.com/v/rpeVcs_xrww&autoplay=1&loop=1&hl=de_DE&fs=1&rel=0&color1=0x5d1719&color2=0xcd311b"" type=""application/x-shockwave-flash"" allowscriptaccess=""always"" allowfullscreen=""true"" width=""425"" height=""344""></embed></object>",scholar|professor
What people or things can do the following actions?,You'll see a video of an actor performing an action (a verb).  You tell us what sorts of things or people can perform that action.,Verbs Noun Video Quiz Family Feud,mind,"<object width=""425"" height=""344""><param name=""movie"" value=""http://www.youtube.com/v/KNUPKHH4228&hl=de_DE&fs=1&rel=0&color1=0x5d1719&color2=0xcd311b""></param><param name=""allowFullScreen"" value=""true""></param><param name=""allowscriptaccess"" value=""always""></param><embed src=""http://www.youtube.com/v/KNUPKHH4228&autoplay=1&loop=1&hl=de_DE&fs=1&rel=0&color1=0x5d1719&color2=0xcd311b"" type=""application/x-shockwave-flash"" allowscriptaccess=""always"" allowfullscreen=""true"" width=""425"" height=""344""></embed></object>",child,come,"<object width=""425"" height=""344""><param name=""movie"" value=""http://www.youtube.com/v/SjSCmAGifxo&hl=de_DE&fs=1&rel=0&color1=0x5d1719&color2=0xcd311b""></param><param name=""allowFullScreen"" value=""true""></param><param name=""allowscriptaccess"" value=""always""></param><embed src=""http://www.youtube.com/v/SjSCmAGifxo&autoplay=1&loop=1&hl=de_DE&fs=1&rel=0&color1=0x5d1719&color2=0xcd311b"" type=""application/x-shockwave-flash"" allowscriptaccess=""always"" allowfullscreen=""true"" width=""425"" height=""344""></embed></object>",dog,worry,"<object width=""425"" height=""344""><param name=""movie"" value=""http://www.youtube.com/v/uLaWhPaEvoA&hl=de_DE&fs=1&rel=0&color1=0x5d1719&color2=0xcd311b""></param><param name=""allowFullScreen"" value=""true""></param><param name=""allowscriptaccess"" value=""always""></param><embed src=""http://www.youtube.com/v/uLaWhPaEvoA&autoplay=1&loop=1&hl=de_DE&fs=1&rel=0&color1=0x5d1719&color2=0xcd311b"" type=""application/x-shockwave-flash"" allowscriptaccess=""always"" allowfullscreen=""true"" width=""425"" height=""344""></embed></object>",mom|grandmother|dad|grandfather,give,"<object width=""425"" height=""344""><param name=""movie"" value=""http://www.youtube.com/v/edjavtMI6Z0&hl=de_DE&fs=1&rel=0&color1=0x5d1719&color2=0xcd311b""></param><param name=""allowFullScreen"" value=""true""></param><param name=""allowscriptaccess"" value=""always""></param><embed src=""http://www.youtube.com/v/edjavtMI6Z0&autoplay=1&loop=1&hl=de_DE&fs=1&rel=0&color1=0x5d1719&color2=0xcd311b"" type=""application/x-shockwave-flash"" allowscriptaccess=""always"" allowfullscreen=""true"" width=""425"" height=""344""></embed></object>",donor,keep,"<object width=""425"" height=""344""><param name=""movie"" value=""http://www.youtube.com/v/RWn9fx-Eq_Y&hl=de_DE&fs=1&rel=0&color1=0x5d1719&color2=0xcd311b""></param><param name=""allowFullScreen"" value=""true""></param><param name=""allowscriptaccess"" value=""always""></param><embed src=""http://www.youtube.com/v/RWn9fx-Eq_Y&autoplay=1&loop=1&hl=de_DE&fs=1&rel=0&color1=0x5d1719&color2=0xcd311b"" type=""application/x-shockwave-flash"" allowscriptaccess=""always"" allowfullscreen=""true"" width=""425"" height=""344""></embed></object>",miser
What people or things can do the following actions?,You'll see a video of an actor performing an action (a verb).  You tell us what sorts of things or people can perform that action.,Verbs Noun Video Quiz Family Feud,work,"<object width=""425"" height=""344""><param name=""movie"" value=""http://www.youtube.com/v/NuGqznSZlyE&hl=de_DE&fs=1&rel=0&color1=0x5d1719&color2=0xcd311b""></param><param name=""allowFullScreen"" value=""true""></param><param name=""allowscriptaccess"" value=""always""></param><embed src=""http://www.youtube.com/v/NuGqznSZlyE&autoplay=1&loop=1&hl=de_DE&fs=1&rel=0&color1=0x5d1719&color2=0xcd311b"" type=""application/x-shockwave-flash"" allowscriptaccess=""always"" allowfullscreen=""true"" width=""425"" height=""344""></embed></object>",employee|slave|worker,love,"<object width=""425"" height=""344""><param name=""movie"" value=""http://www.youtube.com/v/uKkFLRKhbSU&hl=de_DE&fs=1&rel=0&color1=0x5d1719&color2=0xcd311b""></param><param name=""allowFullScreen"" value=""true""></param><param name=""allowscriptaccess"" value=""always""></param><embed src=""http://www.youtube.com/v/uKkFLRKhbSU&autoplay=1&loop=1&hl=de_DE&fs=1&rel=0&color1=0x5d1719&color2=0xcd311b"" type=""application/x-shockwave-flash"" allowscriptaccess=""always"" allowfullscreen=""true"" width=""425"" height=""344""></embed></object>",mom|dad|jesus,say,"<object width=""425"" height=""344""><param name=""movie"" value=""http://www.youtube.com/v/YTrlAJiJMR4&hl=de_DE&fs=1&rel=0&color1=0x5d1719&color2=0xcd311b""></param><param name=""allowFullScreen"" value=""true""></param><param name=""allowscriptaccess"" value=""always""></param><embed src=""http://www.youtube.com/v/YTrlAJiJMR4&autoplay=1&loop=1&hl=de_DE&fs=1&rel=0&color1=0x5d1719&color2=0xcd311b"" type=""application/x-shockwave-flash"" allowscriptaccess=""always"" allowfullscreen=""true"" width=""425"" height=""344""></embed></object>",speaker|orator|reporter|spokesman|spokeswoman,let,"<object width=""425"" height=""344""><param name=""movie"" value=""http://www.youtube.com/v/gli_076l3_k&hl=de_DE&fs=1&rel=0&color1=0x5d1719&color2=0xcd311b""></param><param name=""allowFullScreen"" value=""true""></param><param name=""allowscriptaccess"" value=""always""></param><embed src=""http://www.youtube.com/v/gli_076l3_k&autoplay=1&loop=1&hl=de_DE&fs=1&rel=0&color1=0x5d1719&color2=0xcd311b"" type=""application/x-shockwave-flash"" allowscriptaccess=""always"" allowfullscreen=""true"" width=""425"" height=""344""></embed></object>",mom|dad|boy_scout,shut,"<object width=""425"" height=""344""><param name=""movie"" value=""http://www.youtube.com/v/T9k5tTLlAkg&hl=de_DE&fs=1&rel=0&color1=0x5d1719&color2=0xcd311b""></param><param name=""allowFullScreen"" value=""true""></param><param name=""allowscriptaccess"" value=""always""></param><embed src=""http://www.youtube.com/v/T9k5tTLlAkg&autoplay=1&loop=1&hl=de_DE&fs=1&rel=0&color1=0x5d1719&color2=0xcd311b"" type=""application/x-shockwave-flash"" allowscriptaccess=""always"" allowfullscreen=""true"" width=""425"" height=""344""></embed></object>",closer
What people or things can do the following actions?,You'll see a video of an actor performing an action (a verb).  You tell us what sorts of things or people can perform that action.,Verbs Noun Video Quiz Family Feud,buy,"<object width=""425"" height=""344""><param name=""movie"" value=""http://www.youtube.com/v/UhDY-uYCP_M&hl=de_DE&fs=1&rel=0&color1=0x5d1719&color2=0xcd311b""></param><param name=""allowFullScreen"" value=""true""></param><param name=""allowscriptaccess"" value=""always""></param><embed src=""http://www.youtube.com/v/UhDY-uYCP_M&autoplay=1&loop=1&hl=de_DE&fs=1&rel=0&color1=0x5d1719&color2=0xcd311b"" type=""application/x-shockwave-flash"" allowscriptaccess=""always"" allowfullscreen=""true"" width=""425"" height=""344""></embed></object>",shopper|trader|investor,pick,"<object width=""425"" height=""344""><param name=""movie"" value=""http://www.youtube.com/v/FH9ThvS4Wlw&hl=de_DE&fs=1&rel=0&color1=0x5d1719&color2=0xcd311b""></param><param name=""allowFullScreen"" value=""true""></param><param name=""allowscriptaccess"" value=""always""></param><embed src=""http://www.youtube.com/v/FH9ThvS4Wlw&autoplay=1&loop=1&hl=de_DE&fs=1&rel=0&color1=0x5d1719&color2=0xcd311b"" type=""application/x-shockwave-flash"" allowscriptaccess=""always"" allowfullscreen=""true"" width=""425"" height=""344""></embed></object>",shopper|judge|chooser,wonder,"<object width=""425"" height=""344""><param name=""movie"" value=""http://www.youtube.com/v/yGp4FNnZLDU&hl=de_DE&fs=1&rel=0&color1=0x5d1719&color2=0xcd311b""></param><param name=""allowFullScreen"" value=""true""></param><param name=""allowscriptaccess"" value=""always""></param><embed src=""http://www.youtube.com/v/yGp4FNnZLDU&autoplay=1&loop=1&hl=de_DE&fs=1&rel=0&color1=0x5d1719&color2=0xcd311b"" type=""application/x-shockwave-flash"" allowscriptaccess=""always"" allowfullscreen=""true"" width=""425"" height=""344""></embed></object>",dreamer|thinker,wait,"<object width=""425"" height=""344""><param name=""movie"" value=""http://www.youtube.com/v/oO5hUgp7ixA&hl=de_DE&fs=1&rel=0&color1=0x5d1719&color2=0xcd311b""></param><param name=""allowFullScreen"" value=""true""></param><param name=""allowscriptaccess"" value=""always""></param><embed src=""http://www.youtube.com/v/oO5hUgp7ixA&autoplay=1&loop=1&hl=de_DE&fs=1&rel=0&color1=0x5d1719&color2=0xcd311b"" type=""application/x-shockwave-flash"" allowscriptaccess=""always"" allowfullscreen=""true"" width=""425"" height=""344""></embed></object>",commuter,play,"<object width=""425"" height=""344""><param name=""movie"" value=""http://www.youtube.com/v/cP0aYgjt7_g&hl=de_DE&fs=1&rel=0&color1=0x5d1719&color2=0xcd311b""></param><param name=""allowFullScreen"" value=""true""></param><param name=""allowscriptaccess"" value=""always""></param><embed src=""http://www.youtube.com/v/cP0aYgjt7_g&autoplay=1&loop=1&hl=de_DE&fs=1&rel=0&color1=0x5d1719&color2=0xcd311b"" type=""application/x-shockwave-flash"" allowscriptaccess=""always"" allowfullscreen=""true"" width=""425"" height=""344""></embed></object>",child|gamer|kid
